_source,dataset,interval_end_utc,interval_start_utc,lmp_component,node,price_usd_per_mwh
caiso_lmp,caiso_lmp,2026-04-19T01:30:00-00:00,2026-04-19T01:25:00-00:00,MCC,PALOVRDE_ASR-APND,7.79877
caiso_lmp,caiso_lmp,2026-04-19T01:35:00-00:00,2026-04-19T01:30:00-00:00,MCC,PALOVRDE_ASR-APND,10.20458
caiso_lmp,caiso_lmp,2026-04-19T01:40:00-00:00,2026-04-19T01:35:00-00:00,MCC,PALOVRDE_ASR-APND,9.65957
caiso_lmp,caiso_lmp,2026-04-19T01:45:00-00:00,2026-04-19T01:40:00-00:00,MCC,PALOVRDE_ASR-APND,7.54802
caiso_lmp,caiso_lmp,2026-04-19T01:50:00-00:00,2026-04-19T01:45:00-00:00,MCC,PALOVRDE_ASR-APND,8.11126
caiso_lmp,caiso_lmp,2026-04-19T01:55:00-00:00,2026-04-19T01:50:00-00:00,MCC,PALOVRDE_ASR-APND,7.92884
caiso_lmp,caiso_lmp,2026-04-19T02:00:00-00:00,2026-04-19T01:55:00-00:00,MCC,PALOVRDE_ASR-APND,8.40011
caiso_lmp,caiso_lmp,2026-04-19T02:05:00-00:00,2026-04-19T02:00:00-00:00,MCC,PALOVRDE_ASR-APND,6.60519
caiso_lmp,caiso_lmp,2026-04-19T02:10:00-00:00,2026-04-19T02:05:00-00:00,MCC,PALOVRDE_ASR-APND,6.44462
caiso_lmp,caiso_lmp,2026-04-19T02:15:00-00:00,2026-04-19T02:10:00-00:00,MCC,PALOVRDE_ASR-APND,6.38405
caiso_lmp,caiso_lmp,2026-04-19T02:20:00-00:00,2026-04-19T02:15:00-00:00,MCC,PALOVRDE_ASR-APND,6.75642
caiso_lmp,caiso_lmp,2026-04-19T02:25:00-00:00,2026-04-19T02:20:00-00:00,MCC,PALOVRDE_ASR-APND,6.44436
caiso_lmp,caiso_lmp,2026-04-19T02:30:00-00:00,2026-04-19T02:25:00-00:00,MCC,PALOVRDE_ASR-APND,5.92525
caiso_lmp,caiso_lmp,2026-04-19T02:35:00-00:00,2026-04-19T02:30:00-00:00,MCC,PALOVRDE_ASR-APND,5.45183
caiso_lmp,caiso_lmp,2026-04-19T02:40:00-00:00,2026-04-19T02:35:00-00:00,MCC,PALOVRDE_ASR-APND,5.22253
caiso_lmp,caiso_lmp,2026-04-19T02:45:00-00:00,2026-04-19T02:40:00-00:00,MCC,PALOVRDE_ASR-APND,5.53933
caiso_lmp,caiso_lmp,2026-04-19T02:50:00-00:00,2026-04-19T02:45:00-00:00,MCC,PALOVRDE_ASR-APND,5.31639
caiso_lmp,caiso_lmp,2026-04-19T02:55:00-00:00,2026-04-19T02:50:00-00:00,MCC,PALOVRDE_ASR-APND,5.6389
caiso_lmp,caiso_lmp,2026-04-19T03:00:00-00:00,2026-04-19T02:55:00-00:00,MCC,PALOVRDE_ASR-APND,6.10001
caiso_lmp,caiso_lmp,2026-04-19T03:05:00-00:00,2026-04-19T03:00:00-00:00,MCC,PALOVRDE_ASR-APND,6.70979
caiso_lmp,caiso_lmp,2026-04-19T03:10:00-00:00,2026-04-19T03:05:00-00:00,MCC,PALOVRDE_ASR-APND,6.70519
caiso_lmp,caiso_lmp,2026-04-19T03:15:00-00:00,2026-04-19T03:10:00-00:00,MCC,PALOVRDE_ASR-APND,6.6696
caiso_lmp,caiso_lmp,2026-04-19T03:20:00-00:00,2026-04-19T03:15:00-00:00,MCC,PALOVRDE_ASR-APND,6.18384
caiso_lmp,caiso_lmp,2026-04-19T03:25:00-00:00,2026-04-19T03:20:00-00:00,MCC,PALOVRDE_ASR-APND,6.54708
caiso_lmp,caiso_lmp,2026-04-19T03:30:00-00:00,2026-04-19T03:25:00-00:00,MCC,PALOVRDE_ASR-APND,6.78838
caiso_lmp,caiso_lmp,2026-04-19T03:35:00-00:00,2026-04-19T03:30:00-00:00,MCC,PALOVRDE_ASR-APND,6.75586
caiso_lmp,caiso_lmp,2026-04-19T03:40:00-00:00,2026-04-19T03:35:00-00:00,MCC,PALOVRDE_ASR-APND,7.22753
caiso_lmp,caiso_lmp,2026-04-19T03:45:00-00:00,2026-04-19T03:40:00-00:00,MCC,PALOVRDE_ASR-APND,8.11678
caiso_lmp,caiso_lmp,2026-04-19T03:50:00-00:00,2026-04-19T03:45:00-00:00,MCC,PALOVRDE_ASR-APND,8.31014
caiso_lmp,caiso_lmp,2026-04-19T03:55:00-00:00,2026-04-19T03:50:00-00:00,MCC,PALOVRDE_ASR-APND,8.55484
caiso_lmp,caiso_lmp,2026-04-19T04:00:00-00:00,2026-04-19T03:55:00-00:00,MCC,PALOVRDE_ASR-APND,8.25488
caiso_lmp,caiso_lmp,2026-04-19T04:05:00-00:00,2026-04-19T04:00:00-00:00,MCC,PALOVRDE_ASR-APND,7.26006
caiso_lmp,caiso_lmp,2026-04-19T04:10:00-00:00,2026-04-19T04:05:00-00:00,MCC,PALOVRDE_ASR-APND,6.34799
caiso_lmp,caiso_lmp,2026-04-19T04:15:00-00:00,2026-04-19T04:10:00-00:00,MCC,PALOVRDE_ASR-APND,6.00826
caiso_lmp,caiso_lmp,2026-04-19T04:20:00-00:00,2026-04-19T04:15:00-00:00,MCC,PALOVRDE_ASR-APND,5.84728
caiso_lmp,caiso_lmp,2026-04-19T04:25:00-00:00,2026-04-19T04:20:00-00:00,MCC,PALOVRDE_ASR-APND,5.98795
caiso_lmp,caiso_lmp,2026-04-19T04:30:00-00:00,2026-04-19T04:25:00-00:00,MCC,PALOVRDE_ASR-APND,5.90006
caiso_lmp,caiso_lmp,2026-04-19T04:35:00-00:00,2026-04-19T04:30:00-00:00,MCC,PALOVRDE_ASR-APND,6.10814
caiso_lmp,caiso_lmp,2026-04-19T04:40:00-00:00,2026-04-19T04:35:00-00:00,MCC,PALOVRDE_ASR-APND,6.99677
caiso_lmp,caiso_lmp,2026-04-19T04:45:00-00:00,2026-04-19T04:40:00-00:00,MCC,PALOVRDE_ASR-APND,7.05265
caiso_lmp,caiso_lmp,2026-04-19T04:50:00-00:00,2026-04-19T04:45:00-00:00,MCC,PALOVRDE_ASR-APND,6.4177
caiso_lmp,caiso_lmp,2026-04-19T04:55:00-00:00,2026-04-19T04:50:00-00:00,MCC,PALOVRDE_ASR-APND,6.29626
caiso_lmp,caiso_lmp,2026-04-19T05:00:00-00:00,2026-04-19T04:55:00-00:00,MCC,PALOVRDE_ASR-APND,6.42745
caiso_lmp,caiso_lmp,2026-04-19T05:05:00-00:00,2026-04-19T05:00:00-00:00,MCC,PALOVRDE_ASR-APND,6.52839
caiso_lmp,caiso_lmp,2026-04-19T05:10:00-00:00,2026-04-19T05:05:00-00:00,MCC,PALOVRDE_ASR-APND,6.47486
caiso_lmp,caiso_lmp,2026-04-19T05:15:00-00:00,2026-04-19T05:10:00-00:00,MCC,PALOVRDE_ASR-APND,6.51288
caiso_lmp,caiso_lmp,2026-04-19T05:20:00-00:00,2026-04-19T05:15:00-00:00,MCC,PALOVRDE_ASR-APND,6.54211
caiso_lmp,caiso_lmp,2026-04-19T05:25:00-00:00,2026-04-19T05:20:00-00:00,MCC,PALOVRDE_ASR-APND,6.78882
caiso_lmp,caiso_lmp,2026-04-19T05:30:00-00:00,2026-04-19T05:25:00-00:00,MCC,PALOVRDE_ASR-APND,6.85583
caiso_lmp,caiso_lmp,2026-04-19T05:35:00-00:00,2026-04-19T05:30:00-00:00,MCC,PALOVRDE_ASR-APND,6.88072
caiso_lmp,caiso_lmp,2026-04-19T05:40:00-00:00,2026-04-19T05:35:00-00:00,MCC,PALOVRDE_ASR-APND,7.62329
caiso_lmp,caiso_lmp,2026-04-19T05:45:00-00:00,2026-04-19T05:40:00-00:00,MCC,PALOVRDE_ASR-APND,7.88361
caiso_lmp,caiso_lmp,2026-04-19T05:50:00-00:00,2026-04-19T05:45:00-00:00,MCC,PALOVRDE_ASR-APND,7.94094
caiso_lmp,caiso_lmp,2026-04-19T05:55:00-00:00,2026-04-19T05:50:00-00:00,MCC,PALOVRDE_ASR-APND,7.78501
caiso_lmp,caiso_lmp,2026-04-19T06:00:00-00:00,2026-04-19T05:55:00-00:00,MCC,PALOVRDE_ASR-APND,7.72508
caiso_lmp,caiso_lmp,2026-04-19T06:05:00-00:00,2026-04-19T06:00:00-00:00,MCC,PALOVRDE_ASR-APND,7.89744
caiso_lmp,caiso_lmp,2026-04-19T06:10:00-00:00,2026-04-19T06:05:00-00:00,MCC,PALOVRDE_ASR-APND,7.81572
caiso_lmp,caiso_lmp,2026-04-19T06:15:00-00:00,2026-04-19T06:10:00-00:00,MCC,PALOVRDE_ASR-APND,7.81572
caiso_lmp,caiso_lmp,2026-04-19T06:20:00-00:00,2026-04-19T06:15:00-00:00,MCC,PALOVRDE_ASR-APND,7.80458
caiso_lmp,caiso_lmp,2026-04-19T06:25:00-00:00,2026-04-19T06:20:00-00:00,MCC,PALOVRDE_ASR-APND,8.0582
caiso_lmp,caiso_lmp,2026-04-19T06:30:00-00:00,2026-04-19T06:25:00-00:00,MCC,PALOVRDE_ASR-APND,8.15866
caiso_lmp,caiso_lmp,2026-04-19T06:35:00-00:00,2026-04-19T06:30:00-00:00,MCC,PALOVRDE_ASR-APND,8.13666
caiso_lmp,caiso_lmp,2026-04-19T06:40:00-00:00,2026-04-19T06:35:00-00:00,MCC,PALOVRDE_ASR-APND,7.84502
caiso_lmp,caiso_lmp,2026-04-19T06:45:00-00:00,2026-04-19T06:40:00-00:00,MCC,PALOVRDE_ASR-APND,7.9545
caiso_lmp,caiso_lmp,2026-04-19T06:50:00-00:00,2026-04-19T06:45:00-00:00,MCC,PALOVRDE_ASR-APND,7.84246
caiso_lmp,caiso_lmp,2026-04-19T06:55:00-00:00,2026-04-19T06:50:00-00:00,MCC,PALOVRDE_ASR-APND,7.68837
caiso_lmp,caiso_lmp,2026-04-19T07:00:00-00:00,2026-04-19T06:55:00-00:00,MCC,PALOVRDE_ASR-APND,7.84152
caiso_lmp,caiso_lmp,2026-04-19T01:30:00-00:00,2026-04-19T01:25:00-00:00,MCE,PALOVRDE_ASR-APND,22.02222
caiso_lmp,caiso_lmp,2026-04-19T01:35:00-00:00,2026-04-19T01:30:00-00:00,MCE,PALOVRDE_ASR-APND,23.74553
caiso_lmp,caiso_lmp,2026-04-19T01:40:00-00:00,2026-04-19T01:35:00-00:00,MCE,PALOVRDE_ASR-APND,28.1708
caiso_lmp,caiso_lmp,2026-04-19T01:45:00-00:00,2026-04-19T01:40:00-00:00,MCE,PALOVRDE_ASR-APND,26.47103
caiso_lmp,caiso_lmp,2026-04-19T01:50:00-00:00,2026-04-19T01:45:00-00:00,MCE,PALOVRDE_ASR-APND,26.70828
caiso_lmp,caiso_lmp,2026-04-19T01:55:00-00:00,2026-04-19T01:50:00-00:00,MCE,PALOVRDE_ASR-APND,27.95409
caiso_lmp,caiso_lmp,2026-04-19T02:00:00-00:00,2026-04-19T01:55:00-00:00,MCE,PALOVRDE_ASR-APND,27.58785
caiso_lmp,caiso_lmp,2026-04-19T02:05:00-00:00,2026-04-19T02:00:00-00:00,MCE,PALOVRDE_ASR-APND,22.77053
caiso_lmp,caiso_lmp,2026-04-19T02:10:00-00:00,2026-04-19T02:05:00-00:00,MCE,PALOVRDE_ASR-APND,22.45625
caiso_lmp,caiso_lmp,2026-04-19T02:15:00-00:00,2026-04-19T02:10:00-00:00,MCE,PALOVRDE_ASR-APND,22.56597
caiso_lmp,caiso_lmp,2026-04-19T02:20:00-00:00,2026-04-19T02:15:00-00:00,MCE,PALOVRDE_ASR-APND,23.73299
caiso_lmp,caiso_lmp,2026-04-19T02:25:00-00:00,2026-04-19T02:20:00-00:00,MCE,PALOVRDE_ASR-APND,25.19688
caiso_lmp,caiso_lmp,2026-04-19T02:30:00-00:00,2026-04-19T02:25:00-00:00,MCE,PALOVRDE_ASR-APND,25.69129
caiso_lmp,caiso_lmp,2026-04-19T02:35:00-00:00,2026-04-19T02:30:00-00:00,MCE,PALOVRDE_ASR-APND,25.56166
caiso_lmp,caiso_lmp,2026-04-19T02:40:00-00:00,2026-04-19T02:35:00-00:00,MCE,PALOVRDE_ASR-APND,24.86719
caiso_lmp,caiso_lmp,2026-04-19T02:45:00-00:00,2026-04-19T02:40:00-00:00,MCE,PALOVRDE_ASR-APND,24.28868
caiso_lmp,caiso_lmp,2026-04-19T02:50:00-00:00,2026-04-19T02:45:00-00:00,MCE,PALOVRDE_ASR-APND,25.09237
caiso_lmp,caiso_lmp,2026-04-19T02:55:00-00:00,2026-04-19T02:50:00-00:00,MCE,PALOVRDE_ASR-APND,24.74968
caiso_lmp,caiso_lmp,2026-04-19T03:00:00-00:00,2026-04-19T02:55:00-00:00,MCE,PALOVRDE_ASR-APND,24.22228
caiso_lmp,caiso_lmp,2026-04-19T03:05:00-00:00,2026-04-19T03:00:00-00:00,MCE,PALOVRDE_ASR-APND,24.11894
caiso_lmp,caiso_lmp,2026-04-19T03:10:00-00:00,2026-04-19T03:05:00-00:00,MCE,PALOVRDE_ASR-APND,24.10755
caiso_lmp,caiso_lmp,2026-04-19T03:15:00-00:00,2026-04-19T03:10:00-00:00,MCE,PALOVRDE_ASR-APND,23.65178
caiso_lmp,caiso_lmp,2026-04-19T03:20:00-00:00,2026-04-19T03:15:00-00:00,MCE,PALOVRDE_ASR-APND,23.33823
caiso_lmp,caiso_lmp,2026-04-19T03:25:00-00:00,2026-04-19T03:20:00-00:00,MCE,PALOVRDE_ASR-APND,22.69477
caiso_lmp,caiso_lmp,2026-04-19T03:30:00-00:00,2026-04-19T03:25:00-00:00,MCE,PALOVRDE_ASR-APND,22.133
caiso_lmp,caiso_lmp,2026-04-19T03:35:00-00:00,2026-04-19T03:30:00-00:00,MCE,PALOVRDE_ASR-APND,21.86854
caiso_lmp,caiso_lmp,2026-04-19T03:40:00-00:00,2026-04-19T03:35:00-00:00,MCE,PALOVRDE_ASR-APND,20.49775
caiso_lmp,caiso_lmp,2026-04-19T03:45:00-00:00,2026-04-19T03:40:00-00:00,MCE,PALOVRDE_ASR-APND,18.98769
caiso_lmp,caiso_lmp,2026-04-19T03:50:00-00:00,2026-04-19T03:45:00-00:00,MCE,PALOVRDE_ASR-APND,17.48244
caiso_lmp,caiso_lmp,2026-04-19T03:55:00-00:00,2026-04-19T03:50:00-00:00,MCE,PALOVRDE_ASR-APND,17.07723
caiso_lmp,caiso_lmp,2026-04-19T04:00:00-00:00,2026-04-19T03:55:00-00:00,MCE,PALOVRDE_ASR-APND,17.31808
caiso_lmp,caiso_lmp,2026-04-19T04:05:00-00:00,2026-04-19T04:00:00-00:00,MCE,PALOVRDE_ASR-APND,19.91861
caiso_lmp,caiso_lmp,2026-04-19T04:10:00-00:00,2026-04-19T04:05:00-00:00,MCE,PALOVRDE_ASR-APND,21.02036
caiso_lmp,caiso_lmp,2026-04-19T04:15:00-00:00,2026-04-19T04:10:00-00:00,MCE,PALOVRDE_ASR-APND,20.14233
caiso_lmp,caiso_lmp,2026-04-19T04:20:00-00:00,2026-04-19T04:15:00-00:00,MCE,PALOVRDE_ASR-APND,19.79245
caiso_lmp,caiso_lmp,2026-04-19T04:25:00-00:00,2026-04-19T04:20:00-00:00,MCE,PALOVRDE_ASR-APND,20.15725
caiso_lmp,caiso_lmp,2026-04-19T04:30:00-00:00,2026-04-19T04:25:00-00:00,MCE,PALOVRDE_ASR-APND,20.3164
caiso_lmp,caiso_lmp,2026-04-19T04:35:00-00:00,2026-04-19T04:30:00-00:00,MCE,PALOVRDE_ASR-APND,20.25567
caiso_lmp,caiso_lmp,2026-04-19T04:40:00-00:00,2026-04-19T04:35:00-00:00,MCE,PALOVRDE_ASR-APND,19.4727
caiso_lmp,caiso_lmp,2026-04-19T04:45:00-00:00,2026-04-19T04:40:00-00:00,MCE,PALOVRDE_ASR-APND,19.67363
caiso_lmp,caiso_lmp,2026-04-19T04:50:00-00:00,2026-04-19T04:45:00-00:00,MCE,PALOVRDE_ASR-APND,20.80862
caiso_lmp,caiso_lmp,2026-04-19T04:55:00-00:00,2026-04-19T04:50:00-00:00,MCE,PALOVRDE_ASR-APND,20.79689
caiso_lmp,caiso_lmp,2026-04-19T05:00:00-00:00,2026-04-19T04:55:00-00:00,MCE,PALOVRDE_ASR-APND,20.98567
caiso_lmp,caiso_lmp,2026-04-19T05:05:00-00:00,2026-04-19T05:00:00-00:00,MCE,PALOVRDE_ASR-APND,21.33412
caiso_lmp,caiso_lmp,2026-04-19T05:10:00-00:00,2026-04-19T05:05:00-00:00,MCE,PALOVRDE_ASR-APND,21.32796
caiso_lmp,caiso_lmp,2026-04-19T05:15:00-00:00,2026-04-19T05:10:00-00:00,MCE,PALOVRDE_ASR-APND,21.36331
caiso_lmp,caiso_lmp,2026-04-19T05:20:00-00:00,2026-04-19T05:15:00-00:00,MCE,PALOVRDE_ASR-APND,21.33964
caiso_lmp,caiso_lmp,2026-04-19T05:25:00-00:00,2026-04-19T05:20:00-00:00,MCE,PALOVRDE_ASR-APND,21.97734
caiso_lmp,caiso_lmp,2026-04-19T05:30:00-00:00,2026-04-19T05:25:00-00:00,MCE,PALOVRDE_ASR-APND,21.91303
caiso_lmp,caiso_lmp,2026-04-19T05:35:00-00:00,2026-04-19T05:30:00-00:00,MCE,PALOVRDE_ASR-APND,22.04213
caiso_lmp,caiso_lmp,2026-04-19T05:40:00-00:00,2026-04-19T05:35:00-00:00,MCE,PALOVRDE_ASR-APND,21.04665
caiso_lmp,caiso_lmp,2026-04-19T05:45:00-00:00,2026-04-19T05:40:00-00:00,MCE,PALOVRDE_ASR-APND,21.16156
caiso_lmp,caiso_lmp,2026-04-19T05:50:00-00:00,2026-04-19T05:45:00-00:00,MCE,PALOVRDE_ASR-APND,21.05495
caiso_lmp,caiso_lmp,2026-04-19T05:55:00-00:00,2026-04-19T05:50:00-00:00,MCE,PALOVRDE_ASR-APND,20.66366
caiso_lmp,caiso_lmp,2026-04-19T06:00:00-00:00,2026-04-19T05:55:00-00:00,MCE,PALOVRDE_ASR-APND,20.51569
caiso_lmp,caiso_lmp,2026-04-19T06:05:00-00:00,2026-04-19T06:00:00-00:00,MCE,PALOVRDE_ASR-APND,20.8494
caiso_lmp,caiso_lmp,2026-04-19T06:10:00-00:00,2026-04-19T06:05:00-00:00,MCE,PALOVRDE_ASR-APND,20.64229
caiso_lmp,caiso_lmp,2026-04-19T06:15:00-00:00,2026-04-19T06:10:00-00:00,MCE,PALOVRDE_ASR-APND,20.64229
caiso_lmp,caiso_lmp,2026-04-19T06:20:00-00:00,2026-04-19T06:15:00-00:00,MCE,PALOVRDE_ASR-APND,20.62443
caiso_lmp,caiso_lmp,2026-04-19T06:25:00-00:00,2026-04-19T06:20:00-00:00,MCE,PALOVRDE_ASR-APND,20.722
caiso_lmp,caiso_lmp,2026-04-19T06:30:00-00:00,2026-04-19T06:25:00-00:00,MCE,PALOVRDE_ASR-APND,20.90811
caiso_lmp,caiso_lmp,2026-04-19T06:35:00-00:00,2026-04-19T06:30:00-00:00,MCE,PALOVRDE_ASR-APND,20.78583
caiso_lmp,caiso_lmp,2026-04-19T06:40:00-00:00,2026-04-19T06:35:00-00:00,MCE,PALOVRDE_ASR-APND,20.0794
caiso_lmp,caiso_lmp,2026-04-19T06:45:00-00:00,2026-04-19T06:40:00-00:00,MCE,PALOVRDE_ASR-APND,19.38803
caiso_lmp,caiso_lmp,2026-04-19T06:50:00-00:00,2026-04-19T06:45:00-00:00,MCE,PALOVRDE_ASR-APND,19.41769
caiso_lmp,caiso_lmp,2026-04-19T06:55:00-00:00,2026-04-19T06:50:00-00:00,MCE,PALOVRDE_ASR-APND,19.63781
caiso_lmp,caiso_lmp,2026-04-19T07:00:00-00:00,2026-04-19T06:55:00-00:00,MCE,PALOVRDE_ASR-APND,19.98899
caiso_lmp,caiso_lmp,2026-04-19T01:30:00-00:00,2026-04-19T01:25:00-00:00,MCL,PALOVRDE_ASR-APND,-0.57038
caiso_lmp,caiso_lmp,2026-04-19T01:35:00-00:00,2026-04-19T01:30:00-00:00,MCL,PALOVRDE_ASR-APND,-0.58414
caiso_lmp,caiso_lmp,2026-04-19T01:40:00-00:00,2026-04-19T01:35:00-00:00,MCL,PALOVRDE_ASR-APND,-0.693
caiso_lmp,caiso_lmp,2026-04-19T01:45:00-00:00,2026-04-19T01:40:00-00:00,MCL,PALOVRDE_ASR-APND,-0.65119
caiso_lmp,caiso_lmp,2026-04-19T01:50:00-00:00,2026-04-19T01:45:00-00:00,MCL,PALOVRDE_ASR-APND,-0.64103
caiso_lmp,caiso_lmp,2026-04-19T01:55:00-00:00,2026-04-19T01:50:00-00:00,MCL,PALOVRDE_ASR-APND,-0.67093
caiso_lmp,caiso_lmp,2026-04-19T02:00:00-00:00,2026-04-19T01:55:00-00:00,MCL,PALOVRDE_ASR-APND,-0.66214
caiso_lmp,caiso_lmp,2026-04-19T02:05:00-00:00,2026-04-19T02:00:00-00:00,MCL,PALOVRDE_ASR-APND,-0.54649
caiso_lmp,caiso_lmp,2026-04-19T02:10:00-00:00,2026-04-19T02:05:00-00:00,MCL,PALOVRDE_ASR-APND,-0.53895
caiso_lmp,caiso_lmp,2026-04-19T02:15:00-00:00,2026-04-19T02:10:00-00:00,MCL,PALOVRDE_ASR-APND,-0.54158
caiso_lmp,caiso_lmp,2026-04-19T02:20:00-00:00,2026-04-19T02:15:00-00:00,MCL,PALOVRDE_ASR-APND,-0.55532
caiso_lmp,caiso_lmp,2026-04-19T02:25:00-00:00,2026-04-19T02:20:00-00:00,MCL,PALOVRDE_ASR-APND,-0.58958
caiso_lmp,caiso_lmp,2026-04-19T02:30:00-00:00,2026-04-19T02:25:00-00:00,MCL,PALOVRDE_ASR-APND,-0.60115
caiso_lmp,caiso_lmp,2026-04-19T02:35:00-00:00,2026-04-19T02:30:00-00:00,MCL,PALOVRDE_ASR-APND,-0.57511
caiso_lmp,caiso_lmp,2026-04-19T02:40:00-00:00,2026-04-19T02:35:00-00:00,MCL,PALOVRDE_ASR-APND,-0.55948
caiso_lmp,caiso_lmp,2026-04-19T02:45:00-00:00,2026-04-19T02:40:00-00:00,MCL,PALOVRDE_ASR-APND,-0.5223
caiso_lmp,caiso_lmp,2026-04-19T02:50:00-00:00,2026-04-19T02:45:00-00:00,MCL,PALOVRDE_ASR-APND,-0.55953
caiso_lmp,caiso_lmp,2026-04-19T02:55:00-00:00,2026-04-19T02:50:00-00:00,MCL,PALOVRDE_ASR-APND,-0.55189
caiso_lmp,caiso_lmp,2026-04-19T03:00:00-00:00,2026-04-19T02:55:00-00:00,MCL,PALOVRDE_ASR-APND,-0.54013
caiso_lmp,caiso_lmp,2026-04-19T03:05:00-00:00,2026-04-19T03:00:00-00:00,MCL,PALOVRDE_ASR-APND,-0.50406
caiso_lmp,caiso_lmp,2026-04-19T03:10:00-00:00,2026-04-19T03:05:00-00:00,MCL,PALOVRDE_ASR-APND,-0.50382
caiso_lmp,caiso_lmp,2026-04-19T03:15:00-00:00,2026-04-19T03:10:00-00:00,MCL,PALOVRDE_ASR-APND,-0.4943
caiso_lmp,caiso_lmp,2026-04-19T03:20:00-00:00,2026-04-19T03:15:00-00:00,MCL,PALOVRDE_ASR-APND,-0.45919
caiso_lmp,caiso_lmp,2026-04-19T03:25:00-00:00,2026-04-19T03:20:00-00:00,MCL,PALOVRDE_ASR-APND,-0.4519
caiso_lmp,caiso_lmp,2026-04-19T03:30:00-00:00,2026-04-19T03:25:00-00:00,MCL,PALOVRDE_ASR-APND,-0.44706
caiso_lmp,caiso_lmp,2026-04-19T03:35:00-00:00,2026-04-19T03:30:00-00:00,MCL,PALOVRDE_ASR-APND,-0.43516
caiso_lmp,caiso_lmp,2026-04-19T03:40:00-00:00,2026-04-19T03:35:00-00:00,MCL,PALOVRDE_ASR-APND,-0.40788
caiso_lmp,caiso_lmp,2026-04-19T03:45:00-00:00,2026-04-19T03:40:00-00:00,MCL,PALOVRDE_ASR-APND,-0.37783
caiso_lmp,caiso_lmp,2026-04-19T03:50:00-00:00,2026-04-19T03:45:00-00:00,MCL,PALOVRDE_ASR-APND,-0.34263
caiso_lmp,caiso_lmp,2026-04-19T03:55:00-00:00,2026-04-19T03:50:00-00:00,MCL,PALOVRDE_ASR-APND,-0.33469
caiso_lmp,caiso_lmp,2026-04-19T04:00:00-00:00,2026-04-19T03:55:00-00:00,MCL,PALOVRDE_ASR-APND,-0.33941
caiso_lmp,caiso_lmp,2026-04-19T04:05:00-00:00,2026-04-19T04:00:00-00:00,MCL,PALOVRDE_ASR-APND,-0.39636
caiso_lmp,caiso_lmp,2026-04-19T04:10:00-00:00,2026-04-19T04:05:00-00:00,MCL,PALOVRDE_ASR-APND,-0.41828
caiso_lmp,caiso_lmp,2026-04-19T04:15:00-00:00,2026-04-19T04:10:00-00:00,MCL,PALOVRDE_ASR-APND,-0.40081
caiso_lmp,caiso_lmp,2026-04-19T04:20:00-00:00,2026-04-19T04:15:00-00:00,MCL,PALOVRDE_ASR-APND,-0.3978
caiso_lmp,caiso_lmp,2026-04-19T04:25:00-00:00,2026-04-19T04:20:00-00:00,MCL,PALOVRDE_ASR-APND,-0.40514
caiso_lmp,caiso_lmp,2026-04-19T04:30:00-00:00,2026-04-19T04:25:00-00:00,MCL,PALOVRDE_ASR-APND,-0.40834
caiso_lmp,caiso_lmp,2026-04-19T04:35:00-00:00,2026-04-19T04:30:00-00:00,MCL,PALOVRDE_ASR-APND,-0.39091
caiso_lmp,caiso_lmp,2026-04-19T04:40:00-00:00,2026-04-19T04:35:00-00:00,MCL,PALOVRDE_ASR-APND,-0.3758
caiso_lmp,caiso_lmp,2026-04-19T04:45:00-00:00,2026-04-19T04:40:00-00:00,MCL,PALOVRDE_ASR-APND,-0.37968
caiso_lmp,caiso_lmp,2026-04-19T04:50:00-00:00,2026-04-19T04:45:00-00:00,MCL,PALOVRDE_ASR-APND,-0.38286
caiso_lmp,caiso_lmp,2026-04-19T04:55:00-00:00,2026-04-19T04:50:00-00:00,MCL,PALOVRDE_ASR-APND,-0.38264
caiso_lmp,caiso_lmp,2026-04-19T05:00:00-00:00,2026-04-19T04:55:00-00:00,MCL,PALOVRDE_ASR-APND,-0.38611
caiso_lmp,caiso_lmp,2026-04-19T05:05:00-00:00,2026-04-19T05:00:00-00:00,MCL,PALOVRDE_ASR-APND,-0.40959
caiso_lmp,caiso_lmp,2026-04-19T05:10:00-00:00,2026-04-19T05:05:00-00:00,MCL,PALOVRDE_ASR-APND,-0.40947
caiso_lmp,caiso_lmp,2026-04-19T05:15:00-00:00,2026-04-19T05:10:00-00:00,MCL,PALOVRDE_ASR-APND,-0.41015
caiso_lmp,caiso_lmp,2026-04-19T05:20:00-00:00,2026-04-19T05:15:00-00:00,MCL,PALOVRDE_ASR-APND,-0.39049
caiso_lmp,caiso_lmp,2026-04-19T05:25:00-00:00,2026-04-19T05:20:00-00:00,MCL,PALOVRDE_ASR-APND,-0.40217
caiso_lmp,caiso_lmp,2026-04-19T05:30:00-00:00,2026-04-19T05:25:00-00:00,MCL,PALOVRDE_ASR-APND,-0.40099
caiso_lmp,caiso_lmp,2026-04-19T05:35:00-00:00,2026-04-19T05:30:00-00:00,MCL,PALOVRDE_ASR-APND,-0.38351
caiso_lmp,caiso_lmp,2026-04-19T05:40:00-00:00,2026-04-19T05:35:00-00:00,MCL,PALOVRDE_ASR-APND,-0.3662
caiso_lmp,caiso_lmp,2026-04-19T05:45:00-00:00,2026-04-19T05:40:00-00:00,MCL,PALOVRDE_ASR-APND,-0.36819
caiso_lmp,caiso_lmp,2026-04-19T05:50:00-00:00,2026-04-19T05:45:00-00:00,MCL,PALOVRDE_ASR-APND,-0.34949
caiso_lmp,caiso_lmp,2026-04-19T05:55:00-00:00,2026-04-19T05:50:00-00:00,MCL,PALOVRDE_ASR-APND,-0.343
caiso_lmp,caiso_lmp,2026-04-19T06:00:00-00:00,2026-04-19T05:55:00-00:00,MCL,PALOVRDE_ASR-APND,-0.34054
caiso_lmp,caiso_lmp,2026-04-19T06:05:00-00:00,2026-04-19T06:00:00-00:00,MCL,PALOVRDE_ASR-APND,-0.35859
caiso_lmp,caiso_lmp,2026-04-19T06:10:00-00:00,2026-04-19T06:05:00-00:00,MCL,PALOVRDE_ASR-APND,-0.35505
caiso_lmp,caiso_lmp,2026-04-19T06:15:00-00:00,2026-04-19T06:10:00-00:00,MCL,PALOVRDE_ASR-APND,-0.35505
caiso_lmp,caiso_lmp,2026-04-19T06:20:00-00:00,2026-04-19T06:15:00-00:00,MCL,PALOVRDE_ASR-APND,-0.3341
caiso_lmp,caiso_lmp,2026-04-19T06:25:00-00:00,2026-04-19T06:20:00-00:00,MCL,PALOVRDE_ASR-APND,-0.33568
caiso_lmp,caiso_lmp,2026-04-19T06:30:00-00:00,2026-04-19T06:25:00-00:00,MCL,PALOVRDE_ASR-APND,-0.33869
caiso_lmp,caiso_lmp,2026-04-19T06:35:00-00:00,2026-04-19T06:30:00-00:00,MCL,PALOVRDE_ASR-APND,-0.29722
caiso_lmp,caiso_lmp,2026-04-19T06:40:00-00:00,2026-04-19T06:35:00-00:00,MCL,PALOVRDE_ASR-APND,-0.28712
caiso_lmp,caiso_lmp,2026-04-19T06:45:00-00:00,2026-04-19T06:40:00-00:00,MCL,PALOVRDE_ASR-APND,-0.27723
caiso_lmp,caiso_lmp,2026-04-19T06:50:00-00:00,2026-04-19T06:45:00-00:00,MCL,PALOVRDE_ASR-APND,-0.26989
caiso_lmp,caiso_lmp,2026-04-19T06:55:00-00:00,2026-04-19T06:50:00-00:00,MCL,PALOVRDE_ASR-APND,-0.27295
caiso_lmp,caiso_lmp,2026-04-19T07:00:00-00:00,2026-04-19T06:55:00-00:00,MCL,PALOVRDE_ASR-APND,-0.27783
caiso_lmp,caiso_lmp,2026-04-19T01:30:00-00:00,2026-04-19T01:25:00-00:00,LMP,PALOVRDE_ASR-APND,29.25062
caiso_lmp,caiso_lmp,2026-04-19T01:35:00-00:00,2026-04-19T01:30:00-00:00,LMP,PALOVRDE_ASR-APND,33.36597
caiso_lmp,caiso_lmp,2026-04-19T01:40:00-00:00,2026-04-19T01:35:00-00:00,LMP,PALOVRDE_ASR-APND,37.13737
caiso_lmp,caiso_lmp,2026-04-19T01:45:00-00:00,2026-04-19T01:40:00-00:00,LMP,PALOVRDE_ASR-APND,33.36786
caiso_lmp,caiso_lmp,2026-04-19T01:50:00-00:00,2026-04-19T01:45:00-00:00,LMP,PALOVRDE_ASR-APND,34.17851
caiso_lmp,caiso_lmp,2026-04-19T01:55:00-00:00,2026-04-19T01:50:00-00:00,LMP,PALOVRDE_ASR-APND,35.212
caiso_lmp,caiso_lmp,2026-04-19T02:00:00-00:00,2026-04-19T01:55:00-00:00,LMP,PALOVRDE_ASR-APND,35.32582
caiso_lmp,caiso_lmp,2026-04-19T02:05:00-00:00,2026-04-19T02:00:00-00:00,LMP,PALOVRDE_ASR-APND,28.82923
caiso_lmp,caiso_lmp,2026-04-19T02:10:00-00:00,2026-04-19T02:05:00-00:00,LMP,PALOVRDE_ASR-APND,28.36192
caiso_lmp,caiso_lmp,2026-04-19T02:15:00-00:00,2026-04-19T02:10:00-00:00,LMP,PALOVRDE_ASR-APND,28.40844
caiso_lmp,caiso_lmp,2026-04-19T02:20:00-00:00,2026-04-19T02:15:00-00:00,LMP,PALOVRDE_ASR-APND,29.93408
caiso_lmp,caiso_lmp,2026-04-19T02:25:00-00:00,2026-04-19T02:20:00-00:00,LMP,PALOVRDE_ASR-APND,31.05166
caiso_lmp,caiso_lmp,2026-04-19T02:30:00-00:00,2026-04-19T02:25:00-00:00,LMP,PALOVRDE_ASR-APND,31.0154
caiso_lmp,caiso_lmp,2026-04-19T02:35:00-00:00,2026-04-19T02:30:00-00:00,LMP,PALOVRDE_ASR-APND,30.43837
caiso_lmp,caiso_lmp,2026-04-19T02:40:00-00:00,2026-04-19T02:35:00-00:00,LMP,PALOVRDE_ASR-APND,29.53023
caiso_lmp,caiso_lmp,2026-04-19T02:45:00-00:00,2026-04-19T02:40:00-00:00,LMP,PALOVRDE_ASR-APND,28.23155
caiso_lmp,caiso_lmp,2026-04-19T02:50:00-00:00,2026-04-19T02:45:00-00:00,LMP,PALOVRDE_ASR-APND,29.84922
caiso_lmp,caiso_lmp,2026-04-19T02:55:00-00:00,2026-04-19T02:50:00-00:00,LMP,PALOVRDE_ASR-APND,29.83669
caiso_lmp,caiso_lmp,2026-04-19T03:00:00-00:00,2026-04-19T02:55:00-00:00,LMP,PALOVRDE_ASR-APND,29.78217
caiso_lmp,caiso_lmp,2026-04-19T03:05:00-00:00,2026-04-19T03:00:00-00:00,LMP,PALOVRDE_ASR-APND,30.32467
caiso_lmp,caiso_lmp,2026-04-19T03:10:00-00:00,2026-04-19T03:05:00-00:00,LMP,PALOVRDE_ASR-APND,30.30892
caiso_lmp,caiso_lmp,2026-04-19T03:15:00-00:00,2026-04-19T03:10:00-00:00,LMP,PALOVRDE_ASR-APND,29.82708
caiso_lmp,caiso_lmp,2026-04-19T03:20:00-00:00,2026-04-19T03:15:00-00:00,LMP,PALOVRDE_ASR-APND,28.45798
caiso_lmp,caiso_lmp,2026-04-19T03:25:00-00:00,2026-04-19T03:20:00-00:00,LMP,PALOVRDE_ASR-APND,28.4678
caiso_lmp,caiso_lmp,2026-04-19T03:30:00-00:00,2026-04-19T03:25:00-00:00,LMP,PALOVRDE_ASR-APND,28.47432
caiso_lmp,caiso_lmp,2026-04-19T03:35:00-00:00,2026-04-19T03:30:00-00:00,LMP,PALOVRDE_ASR-APND,28.18924
caiso_lmp,caiso_lmp,2026-04-19T03:40:00-00:00,2026-04-19T03:35:00-00:00,LMP,PALOVRDE_ASR-APND,27.3174
caiso_lmp,caiso_lmp,2026-04-19T03:45:00-00:00,2026-04-19T03:40:00-00:00,LMP,PALOVRDE_ASR-APND,26.72664
caiso_lmp,caiso_lmp,2026-04-19T03:50:00-00:00,2026-04-19T03:45:00-00:00,LMP,PALOVRDE_ASR-APND,25.44995
caiso_lmp,caiso_lmp,2026-04-19T03:55:00-00:00,2026-04-19T03:50:00-00:00,LMP,PALOVRDE_ASR-APND,25.29738
caiso_lmp,caiso_lmp,2026-04-19T04:00:00-00:00,2026-04-19T03:55:00-00:00,LMP,PALOVRDE_ASR-APND,25.23354
caiso_lmp,caiso_lmp,2026-04-19T04:05:00-00:00,2026-04-19T04:00:00-00:00,LMP,PALOVRDE_ASR-APND,26.78231
caiso_lmp,caiso_lmp,2026-04-19T04:10:00-00:00,2026-04-19T04:05:00-00:00,LMP,PALOVRDE_ASR-APND,26.95007
caiso_lmp,caiso_lmp,2026-04-19T04:15:00-00:00,2026-04-19T04:10:00-00:00,LMP,PALOVRDE_ASR-APND,25.74978
caiso_lmp,caiso_lmp,2026-04-19T04:20:00-00:00,2026-04-19T04:15:00-00:00,LMP,PALOVRDE_ASR-APND,25.24192
caiso_lmp,caiso_lmp,2026-04-19T04:25:00-00:00,2026-04-19T04:20:00-00:00,LMP,PALOVRDE_ASR-APND,25.74007
caiso_lmp,caiso_lmp,2026-04-19T04:30:00-00:00,2026-04-19T04:25:00-00:00,LMP,PALOVRDE_ASR-APND,25.80813
caiso_lmp,caiso_lmp,2026-04-19T04:35:00-00:00,2026-04-19T04:30:00-00:00,LMP,PALOVRDE_ASR-APND,25.9729
caiso_lmp,caiso_lmp,2026-04-19T04:40:00-00:00,2026-04-19T04:35:00-00:00,LMP,PALOVRDE_ASR-APND,26.09368
caiso_lmp,caiso_lmp,2026-04-19T04:45:00-00:00,2026-04-19T04:40:00-00:00,LMP,PALOVRDE_ASR-APND,26.34661
caiso_lmp,caiso_lmp,2026-04-19T04:50:00-00:00,2026-04-19T04:45:00-00:00,LMP,PALOVRDE_ASR-APND,26.84346
caiso_lmp,caiso_lmp,2026-04-19T04:55:00-00:00,2026-04-19T04:50:00-00:00,LMP,PALOVRDE_ASR-APND,26.71051
caiso_lmp,caiso_lmp,2026-04-19T05:00:00-00:00,2026-04-19T04:55:00-00:00,LMP,PALOVRDE_ASR-APND,27.02701
caiso_lmp,caiso_lmp,2026-04-19T05:05:00-00:00,2026-04-19T05:00:00-00:00,LMP,PALOVRDE_ASR-APND,27.45291
caiso_lmp,caiso_lmp,2026-04-19T05:10:00-00:00,2026-04-19T05:05:00-00:00,LMP,PALOVRDE_ASR-APND,27.39334
caiso_lmp,caiso_lmp,2026-04-19T05:15:00-00:00,2026-04-19T05:10:00-00:00,LMP,PALOVRDE_ASR-APND,27.46603
caiso_lmp,caiso_lmp,2026-04-19T05:20:00-00:00,2026-04-19T05:15:00-00:00,LMP,PALOVRDE_ASR-APND,27.49125
caiso_lmp,caiso_lmp,2026-04-19T05:25:00-00:00,2026-04-19T05:20:00-00:00,LMP,PALOVRDE_ASR-APND,28.36399
caiso_lmp,caiso_lmp,2026-04-19T05:30:00-00:00,2026-04-19T05:25:00-00:00,LMP,PALOVRDE_ASR-APND,28.36788
caiso_lmp,caiso_lmp,2026-04-19T05:35:00-00:00,2026-04-19T05:30:00-00:00,LMP,PALOVRDE_ASR-APND,28.53934
caiso_lmp,caiso_lmp,2026-04-19T05:40:00-00:00,2026-04-19T05:35:00-00:00,LMP,PALOVRDE_ASR-APND,28.30374
caiso_lmp,caiso_lmp,2026-04-19T05:45:00-00:00,2026-04-19T05:40:00-00:00,LMP,PALOVRDE_ASR-APND,28.67698
caiso_lmp,caiso_lmp,2026-04-19T05:50:00-00:00,2026-04-19T05:45:00-00:00,LMP,PALOVRDE_ASR-APND,28.6464
caiso_lmp,caiso_lmp,2026-04-19T05:55:00-00:00,2026-04-19T05:50:00-00:00,LMP,PALOVRDE_ASR-APND,28.10567
caiso_lmp,caiso_lmp,2026-04-19T06:00:00-00:00,2026-04-19T05:55:00-00:00,LMP,PALOVRDE_ASR-APND,27.90023
caiso_lmp,caiso_lmp,2026-04-19T06:05:00-00:00,2026-04-19T06:00:00-00:00,LMP,PALOVRDE_ASR-APND,28.38825
caiso_lmp,caiso_lmp,2026-04-19T06:10:00-00:00,2026-04-19T06:05:00-00:00,LMP,PALOVRDE_ASR-APND,28.10296
caiso_lmp,caiso_lmp,2026-04-19T06:15:00-00:00,2026-04-19T06:10:00-00:00,LMP,PALOVRDE_ASR-APND,28.10296
caiso_lmp,caiso_lmp,2026-04-19T06:20:00-00:00,2026-04-19T06:15:00-00:00,LMP,PALOVRDE_ASR-APND,28.09492
caiso_lmp,caiso_lmp,2026-04-19T06:25:00-00:00,2026-04-19T06:20:00-00:00,LMP,PALOVRDE_ASR-APND,28.44451
caiso_lmp,caiso_lmp,2026-04-19T06:30:00-00:00,2026-04-19T06:25:00-00:00,LMP,PALOVRDE_ASR-APND,28.72808
caiso_lmp,caiso_lmp,2026-04-19T06:35:00-00:00,2026-04-19T06:30:00-00:00,LMP,PALOVRDE_ASR-APND,28.62527
caiso_lmp,caiso_lmp,2026-04-19T06:40:00-00:00,2026-04-19T06:35:00-00:00,LMP,PALOVRDE_ASR-APND,27.6373
caiso_lmp,caiso_lmp,2026-04-19T06:45:00-00:00,2026-04-19T06:40:00-00:00,LMP,PALOVRDE_ASR-APND,27.06529
caiso_lmp,caiso_lmp,2026-04-19T06:50:00-00:00,2026-04-19T06:45:00-00:00,LMP,PALOVRDE_ASR-APND,26.99026
caiso_lmp,caiso_lmp,2026-04-19T06:55:00-00:00,2026-04-19T06:50:00-00:00,LMP,PALOVRDE_ASR-APND,27.05324
caiso_lmp,caiso_lmp,2026-04-19T07:00:00-00:00,2026-04-19T06:55:00-00:00,LMP,PALOVRDE_ASR-APND,27.55269
caiso_lmp,caiso_lmp,2026-04-19T07:05:00-00:00,2026-04-19T07:00:00-00:00,MCC,PALOVRDE_ASR-APND,11.5299
caiso_lmp,caiso_lmp,2026-04-19T07:10:00-00:00,2026-04-19T07:05:00-00:00,MCC,PALOVRDE_ASR-APND,10.79154
caiso_lmp,caiso_lmp,2026-04-19T07:15:00-00:00,2026-04-19T07:10:00-00:00,MCC,PALOVRDE_ASR-APND,11.06921
caiso_lmp,caiso_lmp,2026-04-19T07:20:00-00:00,2026-04-19T07:15:00-00:00,MCC,PALOVRDE_ASR-APND,14.07068
caiso_lmp,caiso_lmp,2026-04-19T07:25:00-00:00,2026-04-19T07:20:00-00:00,MCC,PALOVRDE_ASR-APND,18.12853
caiso_lmp,caiso_lmp,2026-04-19T07:05:00-00:00,2026-04-19T07:00:00-00:00,MCE,PALOVRDE_ASR-APND,20.40465
caiso_lmp,caiso_lmp,2026-04-19T07:10:00-00:00,2026-04-19T07:05:00-00:00,MCE,PALOVRDE_ASR-APND,18.78311
caiso_lmp,caiso_lmp,2026-04-19T07:15:00-00:00,2026-04-19T07:10:00-00:00,MCE,PALOVRDE_ASR-APND,18.40536
caiso_lmp,caiso_lmp,2026-04-19T07:20:00-00:00,2026-04-19T07:15:00-00:00,MCE,PALOVRDE_ASR-APND,20.95497
caiso_lmp,caiso_lmp,2026-04-19T07:25:00-00:00,2026-04-19T07:20:00-00:00,MCE,PALOVRDE_ASR-APND,16.72227
caiso_lmp,caiso_lmp,2026-04-19T07:05:00-00:00,2026-04-19T07:00:00-00:00,MCL,PALOVRDE_ASR-APND,-0.25096
caiso_lmp,caiso_lmp,2026-04-19T07:10:00-00:00,2026-04-19T07:05:00-00:00,MCL,PALOVRDE_ASR-APND,-0.23102
caiso_lmp,caiso_lmp,2026-04-19T07:15:00-00:00,2026-04-19T07:10:00-00:00,MCL,PALOVRDE_ASR-APND,-0.22637
caiso_lmp,caiso_lmp,2026-04-19T07:20:00-00:00,2026-04-19T07:15:00-00:00,MCL,PALOVRDE_ASR-APND,-0.25145
caiso_lmp,caiso_lmp,2026-04-19T07:25:00-00:00,2026-04-19T07:20:00-00:00,MCL,PALOVRDE_ASR-APND,-0.20065
caiso_lmp,caiso_lmp,2026-04-19T07:05:00-00:00,2026-04-19T07:00:00-00:00,LMP,PALOVRDE_ASR-APND,31.68359
caiso_lmp,caiso_lmp,2026-04-19T07:10:00-00:00,2026-04-19T07:05:00-00:00,LMP,PALOVRDE_ASR-APND,29.34364
caiso_lmp,caiso_lmp,2026-04-19T07:15:00-00:00,2026-04-19T07:10:00-00:00,LMP,PALOVRDE_ASR-APND,29.24819
caiso_lmp,caiso_lmp,2026-04-19T07:20:00-00:00,2026-04-19T07:15:00-00:00,LMP,PALOVRDE_ASR-APND,34.77421
caiso_lmp,caiso_lmp,2026-04-19T07:25:00-00:00,2026-04-19T07:20:00-00:00,LMP,PALOVRDE_ASR-APND,34.65015
caiso_lmp,caiso_lmp,2026-04-19T01:30:00-00:00,2026-04-19T01:25:00-00:00,MCC,TH_SP15_GEN-APND,9.33202
caiso_lmp,caiso_lmp,2026-04-19T01:35:00-00:00,2026-04-19T01:30:00-00:00,MCC,TH_SP15_GEN-APND,12.29096
caiso_lmp,caiso_lmp,2026-04-19T01:40:00-00:00,2026-04-19T01:35:00-00:00,MCC,TH_SP15_GEN-APND,11.63452
caiso_lmp,caiso_lmp,2026-04-19T01:45:00-00:00,2026-04-19T01:40:00-00:00,MCC,TH_SP15_GEN-APND,9.09125
caiso_lmp,caiso_lmp,2026-04-19T01:50:00-00:00,2026-04-19T01:45:00-00:00,MCC,TH_SP15_GEN-APND,9.69629
caiso_lmp,caiso_lmp,2026-04-19T01:55:00-00:00,2026-04-19T01:50:00-00:00,MCC,TH_SP15_GEN-APND,9.47819
caiso_lmp,caiso_lmp,2026-04-19T02:00:00-00:00,2026-04-19T01:55:00-00:00,MCC,TH_SP15_GEN-APND,10.04164
caiso_lmp,caiso_lmp,2026-04-19T02:05:00-00:00,2026-04-19T02:00:00-00:00,MCC,TH_SP15_GEN-APND,7.8809
caiso_lmp,caiso_lmp,2026-04-19T02:10:00-00:00,2026-04-19T02:05:00-00:00,MCC,TH_SP15_GEN-APND,7.68931
caiso_lmp,caiso_lmp,2026-04-19T02:15:00-00:00,2026-04-19T02:10:00-00:00,MCC,TH_SP15_GEN-APND,7.61705
caiso_lmp,caiso_lmp,2026-04-19T02:20:00-00:00,2026-04-19T02:15:00-00:00,MCC,TH_SP15_GEN-APND,8.10914
caiso_lmp,caiso_lmp,2026-04-19T02:25:00-00:00,2026-04-19T02:20:00-00:00,MCC,TH_SP15_GEN-APND,7.73467
caiso_lmp,caiso_lmp,2026-04-19T02:30:00-00:00,2026-04-19T02:25:00-00:00,MCC,TH_SP15_GEN-APND,7.11174
caiso_lmp,caiso_lmp,2026-04-19T02:35:00-00:00,2026-04-19T02:30:00-00:00,MCC,TH_SP15_GEN-APND,6.50888
caiso_lmp,caiso_lmp,2026-04-19T02:40:00-00:00,2026-04-19T02:35:00-00:00,MCC,TH_SP15_GEN-APND,6.23519
caiso_lmp,caiso_lmp,2026-04-19T02:45:00-00:00,2026-04-19T02:40:00-00:00,MCC,TH_SP15_GEN-APND,6.61333
caiso_lmp,caiso_lmp,2026-04-19T02:50:00-00:00,2026-04-19T02:45:00-00:00,MCC,TH_SP15_GEN-APND,6.36807
caiso_lmp,caiso_lmp,2026-04-19T02:55:00-00:00,2026-04-19T02:50:00-00:00,MCC,TH_SP15_GEN-APND,6.7543
caiso_lmp,caiso_lmp,2026-04-19T03:00:00-00:00,2026-04-19T02:55:00-00:00,MCC,TH_SP15_GEN-APND,7.3065
caiso_lmp,caiso_lmp,2026-04-19T03:05:00-00:00,2026-04-19T03:00:00-00:00,MCC,TH_SP15_GEN-APND,8.00713
caiso_lmp,caiso_lmp,2026-04-19T03:10:00-00:00,2026-04-19T03:05:00-00:00,MCC,TH_SP15_GEN-APND,8.00165
caiso_lmp,caiso_lmp,2026-04-19T03:15:00-00:00,2026-04-19T03:10:00-00:00,MCC,TH_SP15_GEN-APND,7.95918
caiso_lmp,caiso_lmp,2026-04-19T03:20:00-00:00,2026-04-19T03:15:00-00:00,MCC,TH_SP15_GEN-APND,7.37981
caiso_lmp,caiso_lmp,2026-04-19T03:25:00-00:00,2026-04-19T03:20:00-00:00,MCC,TH_SP15_GEN-APND,7.81322
caiso_lmp,caiso_lmp,2026-04-19T03:30:00-00:00,2026-04-19T03:25:00-00:00,MCC,TH_SP15_GEN-APND,8.10113
caiso_lmp,caiso_lmp,2026-04-19T03:35:00-00:00,2026-04-19T03:30:00-00:00,MCC,TH_SP15_GEN-APND,8.04287
caiso_lmp,caiso_lmp,2026-04-19T03:40:00-00:00,2026-04-19T03:35:00-00:00,MCC,TH_SP15_GEN-APND,8.60429
caiso_lmp,caiso_lmp,2026-04-19T03:45:00-00:00,2026-04-19T03:40:00-00:00,MCC,TH_SP15_GEN-APND,9.66276
caiso_lmp,caiso_lmp,2026-04-19T03:50:00-00:00,2026-04-19T03:45:00-00:00,MCC,TH_SP15_GEN-APND,9.92519
caiso_lmp,caiso_lmp,2026-04-19T03:55:00-00:00,2026-04-19T03:50:00-00:00,MCC,TH_SP15_GEN-APND,10.21741
caiso_lmp,caiso_lmp,2026-04-19T04:00:00-00:00,2026-04-19T03:55:00-00:00,MCC,TH_SP15_GEN-APND,9.8592
caiso_lmp,caiso_lmp,2026-04-19T04:05:00-00:00,2026-04-19T04:00:00-00:00,MCC,TH_SP15_GEN-APND,8.65739
caiso_lmp,caiso_lmp,2026-04-19T04:10:00-00:00,2026-04-19T04:05:00-00:00,MCC,TH_SP15_GEN-APND,7.56995
caiso_lmp,caiso_lmp,2026-04-19T04:15:00-00:00,2026-04-19T04:10:00-00:00,MCC,TH_SP15_GEN-APND,7.1649
caiso_lmp,caiso_lmp,2026-04-19T04:20:00-00:00,2026-04-19T04:15:00-00:00,MCC,TH_SP15_GEN-APND,6.96731
caiso_lmp,caiso_lmp,2026-04-19T04:25:00-00:00,2026-04-19T04:20:00-00:00,MCC,TH_SP15_GEN-APND,7.1349
caiso_lmp,caiso_lmp,2026-04-19T04:30:00-00:00,2026-04-19T04:25:00-00:00,MCC,TH_SP15_GEN-APND,7.0302
caiso_lmp,caiso_lmp,2026-04-19T04:35:00-00:00,2026-04-19T04:30:00-00:00,MCC,TH_SP15_GEN-APND,7.27809
caiso_lmp,caiso_lmp,2026-04-19T04:40:00-00:00,2026-04-19T04:35:00-00:00,MCC,TH_SP15_GEN-APND,8.33672
caiso_lmp,caiso_lmp,2026-04-19T04:45:00-00:00,2026-04-19T04:40:00-00:00,MCC,TH_SP15_GEN-APND,8.40328
caiso_lmp,caiso_lmp,2026-04-19T04:50:00-00:00,2026-04-19T04:45:00-00:00,MCC,TH_SP15_GEN-APND,7.64096
caiso_lmp,caiso_lmp,2026-04-19T04:55:00-00:00,2026-04-19T04:50:00-00:00,MCC,TH_SP15_GEN-APND,7.4964
caiso_lmp,caiso_lmp,2026-04-19T05:00:00-00:00,2026-04-19T04:55:00-00:00,MCC,TH_SP15_GEN-APND,7.65257
caiso_lmp,caiso_lmp,2026-04-19T05:05:00-00:00,2026-04-19T05:00:00-00:00,MCC,TH_SP15_GEN-APND,7.96546
caiso_lmp,caiso_lmp,2026-04-19T05:10:00-00:00,2026-04-19T05:05:00-00:00,MCC,TH_SP15_GEN-APND,7.90016
caiso_lmp,caiso_lmp,2026-04-19T05:15:00-00:00,2026-04-19T05:10:00-00:00,MCC,TH_SP15_GEN-APND,7.94654
caiso_lmp,caiso_lmp,2026-04-19T05:20:00-00:00,2026-04-19T05:15:00-00:00,MCC,TH_SP15_GEN-APND,7.9432
caiso_lmp,caiso_lmp,2026-04-19T05:25:00-00:00,2026-04-19T05:20:00-00:00,MCC,TH_SP15_GEN-APND,8.2422
caiso_lmp,caiso_lmp,2026-04-19T05:30:00-00:00,2026-04-19T05:25:00-00:00,MCC,TH_SP15_GEN-APND,8.32404
caiso_lmp,caiso_lmp,2026-04-19T05:35:00-00:00,2026-04-19T05:30:00-00:00,MCC,TH_SP15_GEN-APND,8.38073
caiso_lmp,caiso_lmp,2026-04-19T05:40:00-00:00,2026-04-19T05:35:00-00:00,MCC,TH_SP15_GEN-APND,9.28453
caiso_lmp,caiso_lmp,2026-04-19T05:45:00-00:00,2026-04-19T05:40:00-00:00,MCC,TH_SP15_GEN-APND,9.60203
caiso_lmp,caiso_lmp,2026-04-19T05:50:00-00:00,2026-04-19T05:45:00-00:00,MCC,TH_SP15_GEN-APND,9.66803
caiso_lmp,caiso_lmp,2026-04-19T05:55:00-00:00,2026-04-19T05:50:00-00:00,MCC,TH_SP15_GEN-APND,9.47821
caiso_lmp,caiso_lmp,2026-04-19T06:00:00-00:00,2026-04-19T05:55:00-00:00,MCC,TH_SP15_GEN-APND,9.40526
caiso_lmp,caiso_lmp,2026-04-19T06:05:00-00:00,2026-04-19T06:00:00-00:00,MCC,TH_SP15_GEN-APND,9.60368
caiso_lmp,caiso_lmp,2026-04-19T06:10:00-00:00,2026-04-19T06:05:00-00:00,MCC,TH_SP15_GEN-APND,9.50286
caiso_lmp,caiso_lmp,2026-04-19T06:15:00-00:00,2026-04-19T06:10:00-00:00,MCC,TH_SP15_GEN-APND,9.50286
caiso_lmp,caiso_lmp,2026-04-19T06:20:00-00:00,2026-04-19T06:15:00-00:00,MCC,TH_SP15_GEN-APND,9.50955
caiso_lmp,caiso_lmp,2026-04-19T06:25:00-00:00,2026-04-19T06:20:00-00:00,MCC,TH_SP15_GEN-APND,9.81851
caiso_lmp,caiso_lmp,2026-04-19T06:30:00-00:00,2026-04-19T06:25:00-00:00,MCC,TH_SP15_GEN-APND,9.94091
caiso_lmp,caiso_lmp,2026-04-19T06:35:00-00:00,2026-04-19T06:30:00-00:00,MCC,TH_SP15_GEN-APND,9.92193
caiso_lmp,caiso_lmp,2026-04-19T06:40:00-00:00,2026-04-19T06:35:00-00:00,MCC,TH_SP15_GEN-APND,9.56635
caiso_lmp,caiso_lmp,2026-04-19T06:45:00-00:00,2026-04-19T06:40:00-00:00,MCC,TH_SP15_GEN-APND,9.69983
caiso_lmp,caiso_lmp,2026-04-19T06:50:00-00:00,2026-04-19T06:45:00-00:00,MCC,TH_SP15_GEN-APND,9.52071
caiso_lmp,caiso_lmp,2026-04-19T06:55:00-00:00,2026-04-19T06:50:00-00:00,MCC,TH_SP15_GEN-APND,9.33368
caiso_lmp,caiso_lmp,2026-04-19T07:00:00-00:00,2026-04-19T06:55:00-00:00,MCC,TH_SP15_GEN-APND,9.51957
caiso_lmp,caiso_lmp,2026-04-19T01:30:00-00:00,2026-04-19T01:25:00-00:00,MCE,TH_SP15_GEN-APND,22.02222
caiso_lmp,caiso_lmp,2026-04-19T01:35:00-00:00,2026-04-19T01:30:00-00:00,MCE,TH_SP15_GEN-APND,23.74553
caiso_lmp,caiso_lmp,2026-04-19T01:40:00-00:00,2026-04-19T01:35:00-00:00,MCE,TH_SP15_GEN-APND,28.1708
caiso_lmp,caiso_lmp,2026-04-19T01:45:00-00:00,2026-04-19T01:40:00-00:00,MCE,TH_SP15_GEN-APND,26.47103
caiso_lmp,caiso_lmp,2026-04-19T01:50:00-00:00,2026-04-19T01:45:00-00:00,MCE,TH_SP15_GEN-APND,26.70828
caiso_lmp,caiso_lmp,2026-04-19T01:55:00-00:00,2026-04-19T01:50:00-00:00,MCE,TH_SP15_GEN-APND,27.95409
caiso_lmp,caiso_lmp,2026-04-19T02:00:00-00:00,2026-04-19T01:55:00-00:00,MCE,TH_SP15_GEN-APND,27.58785
caiso_lmp,caiso_lmp,2026-04-19T02:05:00-00:00,2026-04-19T02:00:00-00:00,MCE,TH_SP15_GEN-APND,22.77053
caiso_lmp,caiso_lmp,2026-04-19T02:10:00-00:00,2026-04-19T02:05:00-00:00,MCE,TH_SP15_GEN-APND,22.45625
caiso_lmp,caiso_lmp,2026-04-19T02:15:00-00:00,2026-04-19T02:10:00-00:00,MCE,TH_SP15_GEN-APND,22.56597
caiso_lmp,caiso_lmp,2026-04-19T02:20:00-00:00,2026-04-19T02:15:00-00:00,MCE,TH_SP15_GEN-APND,23.73299
caiso_lmp,caiso_lmp,2026-04-19T02:25:00-00:00,2026-04-19T02:20:00-00:00,MCE,TH_SP15_GEN-APND,25.19688
caiso_lmp,caiso_lmp,2026-04-19T02:30:00-00:00,2026-04-19T02:25:00-00:00,MCE,TH_SP15_GEN-APND,25.69129
caiso_lmp,caiso_lmp,2026-04-19T02:35:00-00:00,2026-04-19T02:30:00-00:00,MCE,TH_SP15_GEN-APND,25.56166
caiso_lmp,caiso_lmp,2026-04-19T02:40:00-00:00,2026-04-19T02:35:00-00:00,MCE,TH_SP15_GEN-APND,24.86719
caiso_lmp,caiso_lmp,2026-04-19T02:45:00-00:00,2026-04-19T02:40:00-00:00,MCE,TH_SP15_GEN-APND,24.28868
caiso_lmp,caiso_lmp,2026-04-19T02:50:00-00:00,2026-04-19T02:45:00-00:00,MCE,TH_SP15_GEN-APND,25.09237
caiso_lmp,caiso_lmp,2026-04-19T02:55:00-00:00,2026-04-19T02:50:00-00:00,MCE,TH_SP15_GEN-APND,24.74968
caiso_lmp,caiso_lmp,2026-04-19T03:00:00-00:00,2026-04-19T02:55:00-00:00,MCE,TH_SP15_GEN-APND,24.22228
caiso_lmp,caiso_lmp,2026-04-19T03:05:00-00:00,2026-04-19T03:00:00-00:00,MCE,TH_SP15_GEN-APND,24.11894
caiso_lmp,caiso_lmp,2026-04-19T03:10:00-00:00,2026-04-19T03:05:00-00:00,MCE,TH_SP15_GEN-APND,24.10755
caiso_lmp,caiso_lmp,2026-04-19T03:15:00-00:00,2026-04-19T03:10:00-00:00,MCE,TH_SP15_GEN-APND,23.65178
caiso_lmp,caiso_lmp,2026-04-19T03:20:00-00:00,2026-04-19T03:15:00-00:00,MCE,TH_SP15_GEN-APND,23.33823
caiso_lmp,caiso_lmp,2026-04-19T03:25:00-00:00,2026-04-19T03:20:00-00:00,MCE,TH_SP15_GEN-APND,22.69477
caiso_lmp,caiso_lmp,2026-04-19T03:30:00-00:00,2026-04-19T03:25:00-00:00,MCE,TH_SP15_GEN-APND,22.133
caiso_lmp,caiso_lmp,2026-04-19T03:35:00-00:00,2026-04-19T03:30:00-00:00,MCE,TH_SP15_GEN-APND,21.86854
caiso_lmp,caiso_lmp,2026-04-19T03:40:00-00:00,2026-04-19T03:35:00-00:00,MCE,TH_SP15_GEN-APND,20.49775
caiso_lmp,caiso_lmp,2026-04-19T03:45:00-00:00,2026-04-19T03:40:00-00:00,MCE,TH_SP15_GEN-APND,18.98769
caiso_lmp,caiso_lmp,2026-04-19T03:50:00-00:00,2026-04-19T03:45:00-00:00,MCE,TH_SP15_GEN-APND,17.48244
caiso_lmp,caiso_lmp,2026-04-19T03:55:00-00:00,2026-04-19T03:50:00-00:00,MCE,TH_SP15_GEN-APND,17.07723
caiso_lmp,caiso_lmp,2026-04-19T04:00:00-00:00,2026-04-19T03:55:00-00:00,MCE,TH_SP15_GEN-APND,17.31808
caiso_lmp,caiso_lmp,2026-04-19T04:05:00-00:00,2026-04-19T04:00:00-00:00,MCE,TH_SP15_GEN-APND,19.91861
caiso_lmp,caiso_lmp,2026-04-19T04:10:00-00:00,2026-04-19T04:05:00-00:00,MCE,TH_SP15_GEN-APND,21.02036
caiso_lmp,caiso_lmp,2026-04-19T04:15:00-00:00,2026-04-19T04:10:00-00:00,MCE,TH_SP15_GEN-APND,20.14233
caiso_lmp,caiso_lmp,2026-04-19T04:20:00-00:00,2026-04-19T04:15:00-00:00,MCE,TH_SP15_GEN-APND,19.79245
caiso_lmp,caiso_lmp,2026-04-19T04:25:00-00:00,2026-04-19T04:20:00-00:00,MCE,TH_SP15_GEN-APND,20.15725
caiso_lmp,caiso_lmp,2026-04-19T04:30:00-00:00,2026-04-19T04:25:00-00:00,MCE,TH_SP15_GEN-APND,20.3164
caiso_lmp,caiso_lmp,2026-04-19T04:35:00-00:00,2026-04-19T04:30:00-00:00,MCE,TH_SP15_GEN-APND,20.25567
caiso_lmp,caiso_lmp,2026-04-19T04:40:00-00:00,2026-04-19T04:35:00-00:00,MCE,TH_SP15_GEN-APND,19.4727
caiso_lmp,caiso_lmp,2026-04-19T04:45:00-00:00,2026-04-19T04:40:00-00:00,MCE,TH_SP15_GEN-APND,19.67363
caiso_lmp,caiso_lmp,2026-04-19T04:50:00-00:00,2026-04-19T04:45:00-00:00,MCE,TH_SP15_GEN-APND,20.80862
caiso_lmp,caiso_lmp,2026-04-19T04:55:00-00:00,2026-04-19T04:50:00-00:00,MCE,TH_SP15_GEN-APND,20.79689
caiso_lmp,caiso_lmp,2026-04-19T05:00:00-00:00,2026-04-19T04:55:00-00:00,MCE,TH_SP15_GEN-APND,20.98567
caiso_lmp,caiso_lmp,2026-04-19T05:05:00-00:00,2026-04-19T05:00:00-00:00,MCE,TH_SP15_GEN-APND,21.33412
caiso_lmp,caiso_lmp,2026-04-19T05:10:00-00:00,2026-04-19T05:05:00-00:00,MCE,TH_SP15_GEN-APND,21.32796
caiso_lmp,caiso_lmp,2026-04-19T05:15:00-00:00,2026-04-19T05:10:00-00:00,MCE,TH_SP15_GEN-APND,21.36331
caiso_lmp,caiso_lmp,2026-04-19T05:20:00-00:00,2026-04-19T05:15:00-00:00,MCE,TH_SP15_GEN-APND,21.33964
caiso_lmp,caiso_lmp,2026-04-19T05:25:00-00:00,2026-04-19T05:20:00-00:00,MCE,TH_SP15_GEN-APND,21.97734
caiso_lmp,caiso_lmp,2026-04-19T05:30:00-00:00,2026-04-19T05:25:00-00:00,MCE,TH_SP15_GEN-APND,21.91303
caiso_lmp,caiso_lmp,2026-04-19T05:35:00-00:00,2026-04-19T05:30:00-00:00,MCE,TH_SP15_GEN-APND,22.04213
caiso_lmp,caiso_lmp,2026-04-19T05:40:00-00:00,2026-04-19T05:35:00-00:00,MCE,TH_SP15_GEN-APND,21.04665
caiso_lmp,caiso_lmp,2026-04-19T05:45:00-00:00,2026-04-19T05:40:00-00:00,MCE,TH_SP15_GEN-APND,21.16156
caiso_lmp,caiso_lmp,2026-04-19T05:50:00-00:00,2026-04-19T05:45:00-00:00,MCE,TH_SP15_GEN-APND,21.05495
caiso_lmp,caiso_lmp,2026-04-19T05:55:00-00:00,2026-04-19T05:50:00-00:00,MCE,TH_SP15_GEN-APND,20.66366
caiso_lmp,caiso_lmp,2026-04-19T06:00:00-00:00,2026-04-19T05:55:00-00:00,MCE,TH_SP15_GEN-APND,20.51569
caiso_lmp,caiso_lmp,2026-04-19T06:05:00-00:00,2026-04-19T06:00:00-00:00,MCE,TH_SP15_GEN-APND,20.8494
caiso_lmp,caiso_lmp,2026-04-19T06:10:00-00:00,2026-04-19T06:05:00-00:00,MCE,TH_SP15_GEN-APND,20.64229
caiso_lmp,caiso_lmp,2026-04-19T06:15:00-00:00,2026-04-19T06:10:00-00:00,MCE,TH_SP15_GEN-APND,20.64229
caiso_lmp,caiso_lmp,2026-04-19T06:20:00-00:00,2026-04-19T06:15:00-00:00,MCE,TH_SP15_GEN-APND,20.62443
caiso_lmp,caiso_lmp,2026-04-19T06:25:00-00:00,2026-04-19T06:20:00-00:00,MCE,TH_SP15_GEN-APND,20.722
caiso_lmp,caiso_lmp,2026-04-19T06:30:00-00:00,2026-04-19T06:25:00-00:00,MCE,TH_SP15_GEN-APND,20.90811
caiso_lmp,caiso_lmp,2026-04-19T06:35:00-00:00,2026-04-19T06:30:00-00:00,MCE,TH_SP15_GEN-APND,20.78583
caiso_lmp,caiso_lmp,2026-04-19T06:40:00-00:00,2026-04-19T06:35:00-00:00,MCE,TH_SP15_GEN-APND,20.0794
caiso_lmp,caiso_lmp,2026-04-19T06:45:00-00:00,2026-04-19T06:40:00-00:00,MCE,TH_SP15_GEN-APND,19.38803
caiso_lmp,caiso_lmp,2026-04-19T06:50:00-00:00,2026-04-19T06:45:00-00:00,MCE,TH_SP15_GEN-APND,19.41769
caiso_lmp,caiso_lmp,2026-04-19T06:55:00-00:00,2026-04-19T06:50:00-00:00,MCE,TH_SP15_GEN-APND,19.63781
caiso_lmp,caiso_lmp,2026-04-19T07:00:00-00:00,2026-04-19T06:55:00-00:00,MCE,TH_SP15_GEN-APND,19.98899
caiso_lmp,caiso_lmp,2026-04-19T01:30:00-00:00,2026-04-19T01:25:00-00:00,MCL,TH_SP15_GEN-APND,-1.36758
caiso_lmp,caiso_lmp,2026-04-19T01:35:00-00:00,2026-04-19T01:30:00-00:00,MCL,TH_SP15_GEN-APND,-1.4461
caiso_lmp,caiso_lmp,2026-04-19T01:40:00-00:00,2026-04-19T01:35:00-00:00,MCL,TH_SP15_GEN-APND,-1.7156
caiso_lmp,caiso_lmp,2026-04-19T01:45:00-00:00,2026-04-19T01:40:00-00:00,MCL,TH_SP15_GEN-APND,-1.61209
caiso_lmp,caiso_lmp,2026-04-19T01:50:00-00:00,2026-04-19T01:45:00-00:00,MCL,TH_SP15_GEN-APND,-1.63455
caiso_lmp,caiso_lmp,2026-04-19T01:55:00-00:00,2026-04-19T01:50:00-00:00,MCL,TH_SP15_GEN-APND,-1.71079
caiso_lmp,caiso_lmp,2026-04-19T02:00:00-00:00,2026-04-19T01:55:00-00:00,MCL,TH_SP15_GEN-APND,-1.68838
caiso_lmp,caiso_lmp,2026-04-19T02:05:00-00:00,2026-04-19T02:00:00-00:00,MCL,TH_SP15_GEN-APND,-1.19318
caiso_lmp,caiso_lmp,2026-04-19T02:10:00-00:00,2026-04-19T02:05:00-00:00,MCL,TH_SP15_GEN-APND,-1.17671
caiso_lmp,caiso_lmp,2026-04-19T02:15:00-00:00,2026-04-19T02:10:00-00:00,MCL,TH_SP15_GEN-APND,-1.18246
caiso_lmp,caiso_lmp,2026-04-19T02:20:00-00:00,2026-04-19T02:15:00-00:00,MCL,TH_SP15_GEN-APND,-1.26734
caiso_lmp,caiso_lmp,2026-04-19T02:25:00-00:00,2026-04-19T02:20:00-00:00,MCL,TH_SP15_GEN-APND,-1.34551
caiso_lmp,caiso_lmp,2026-04-19T02:30:00-00:00,2026-04-19T02:25:00-00:00,MCL,TH_SP15_GEN-APND,-1.37192
caiso_lmp,caiso_lmp,2026-04-19T02:35:00-00:00,2026-04-19T02:30:00-00:00,MCL,TH_SP15_GEN-APND,-1.37522
caiso_lmp,caiso_lmp,2026-04-19T02:40:00-00:00,2026-04-19T02:35:00-00:00,MCL,TH_SP15_GEN-APND,-1.33785
caiso_lmp,caiso_lmp,2026-04-19T02:45:00-00:00,2026-04-19T02:40:00-00:00,MCL,TH_SP15_GEN-APND,-1.30673
caiso_lmp,caiso_lmp,2026-04-19T02:50:00-00:00,2026-04-19T02:45:00-00:00,MCL,TH_SP15_GEN-APND,-1.34244
caiso_lmp,caiso_lmp,2026-04-19T02:55:00-00:00,2026-04-19T02:50:00-00:00,MCL,TH_SP15_GEN-APND,-1.32411
caiso_lmp,caiso_lmp,2026-04-19T03:00:00-00:00,2026-04-19T02:55:00-00:00,MCL,TH_SP15_GEN-APND,-1.29589
caiso_lmp,caiso_lmp,2026-04-19T03:05:00-00:00,2026-04-19T03:00:00-00:00,MCL,TH_SP15_GEN-APND,-1.30725
caiso_lmp,caiso_lmp,2026-04-19T03:10:00-00:00,2026-04-19T03:05:00-00:00,MCL,TH_SP15_GEN-APND,-1.30663
caiso_lmp,caiso_lmp,2026-04-19T03:15:00-00:00,2026-04-19T03:10:00-00:00,MCL,TH_SP15_GEN-APND,-1.28193
caiso_lmp,caiso_lmp,2026-04-19T03:20:00-00:00,2026-04-19T03:15:00-00:00,MCL,TH_SP15_GEN-APND,-1.30227
caiso_lmp,caiso_lmp,2026-04-19T03:25:00-00:00,2026-04-19T03:20:00-00:00,MCL,TH_SP15_GEN-APND,-1.26637
caiso_lmp,caiso_lmp,2026-04-19T03:30:00-00:00,2026-04-19T03:25:00-00:00,MCL,TH_SP15_GEN-APND,-1.23502
caiso_lmp,caiso_lmp,2026-04-19T03:35:00-00:00,2026-04-19T03:30:00-00:00,MCL,TH_SP15_GEN-APND,-1.22245
caiso_lmp,caiso_lmp,2026-04-19T03:40:00-00:00,2026-04-19T03:35:00-00:00,MCL,TH_SP15_GEN-APND,-1.14582
caiso_lmp,caiso_lmp,2026-04-19T03:45:00-00:00,2026-04-19T03:40:00-00:00,MCL,TH_SP15_GEN-APND,-1.06141
caiso_lmp,caiso_lmp,2026-04-19T03:50:00-00:00,2026-04-19T03:45:00-00:00,MCL,TH_SP15_GEN-APND,-0.95454
caiso_lmp,caiso_lmp,2026-04-19T03:55:00-00:00,2026-04-19T03:50:00-00:00,MCL,TH_SP15_GEN-APND,-0.93242
caiso_lmp,caiso_lmp,2026-04-19T04:00:00-00:00,2026-04-19T03:55:00-00:00,MCL,TH_SP15_GEN-APND,-0.94557
caiso_lmp,caiso_lmp,2026-04-19T04:05:00-00:00,2026-04-19T04:00:00-00:00,MCL,TH_SP15_GEN-APND,-1.12938
caiso_lmp,caiso_lmp,2026-04-19T04:10:00-00:00,2026-04-19T04:05:00-00:00,MCL,TH_SP15_GEN-APND,-1.19185
caiso_lmp,caiso_lmp,2026-04-19T04:15:00-00:00,2026-04-19T04:10:00-00:00,MCL,TH_SP15_GEN-APND,-1.14207
caiso_lmp,caiso_lmp,2026-04-19T04:20:00-00:00,2026-04-19T04:15:00-00:00,MCL,TH_SP15_GEN-APND,-1.10244
caiso_lmp,caiso_lmp,2026-04-19T04:25:00-00:00,2026-04-19T04:20:00-00:00,MCL,TH_SP15_GEN-APND,-1.12276
caiso_lmp,caiso_lmp,2026-04-19T04:30:00-00:00,2026-04-19T04:25:00-00:00,MCL,TH_SP15_GEN-APND,-1.13162
caiso_lmp,caiso_lmp,2026-04-19T04:35:00-00:00,2026-04-19T04:30:00-00:00,MCL,TH_SP15_GEN-APND,-1.10191
caiso_lmp,caiso_lmp,2026-04-19T04:40:00-00:00,2026-04-19T04:35:00-00:00,MCL,TH_SP15_GEN-APND,-1.05932
caiso_lmp,caiso_lmp,2026-04-19T04:45:00-00:00,2026-04-19T04:40:00-00:00,MCL,TH_SP15_GEN-APND,-1.07025
caiso_lmp,caiso_lmp,2026-04-19T04:50:00-00:00,2026-04-19T04:45:00-00:00,MCL,TH_SP15_GEN-APND,-1.14031
caiso_lmp,caiso_lmp,2026-04-19T04:55:00-00:00,2026-04-19T04:50:00-00:00,MCL,TH_SP15_GEN-APND,-1.13967
caiso_lmp,caiso_lmp,2026-04-19T05:00:00-00:00,2026-04-19T04:55:00-00:00,MCL,TH_SP15_GEN-APND,-1.15001
caiso_lmp,caiso_lmp,2026-04-19T05:05:00-00:00,2026-04-19T05:00:00-00:00,MCL,TH_SP15_GEN-APND,-1.27578
caiso_lmp,caiso_lmp,2026-04-19T05:10:00-00:00,2026-04-19T05:05:00-00:00,MCL,TH_SP15_GEN-APND,-1.27541
caiso_lmp,caiso_lmp,2026-04-19T05:15:00-00:00,2026-04-19T05:10:00-00:00,MCL,TH_SP15_GEN-APND,-1.27753
caiso_lmp,caiso_lmp,2026-04-19T05:20:00-00:00,2026-04-19T05:15:00-00:00,MCL,TH_SP15_GEN-APND,-1.19929
caiso_lmp,caiso_lmp,2026-04-19T05:25:00-00:00,2026-04-19T05:20:00-00:00,MCL,TH_SP15_GEN-APND,-1.23513
caiso_lmp,caiso_lmp,2026-04-19T05:30:00-00:00,2026-04-19T05:25:00-00:00,MCL,TH_SP15_GEN-APND,-1.23151
caiso_lmp,caiso_lmp,2026-04-19T05:35:00-00:00,2026-04-19T05:30:00-00:00,MCL,TH_SP15_GEN-APND,-1.34677
caiso_lmp,caiso_lmp,2026-04-19T05:40:00-00:00,2026-04-19T05:35:00-00:00,MCL,TH_SP15_GEN-APND,-1.28595
caiso_lmp,caiso_lmp,2026-04-19T05:45:00-00:00,2026-04-19T05:40:00-00:00,MCL,TH_SP15_GEN-APND,-1.29297
caiso_lmp,caiso_lmp,2026-04-19T05:50:00-00:00,2026-04-19T05:45:00-00:00,MCL,TH_SP15_GEN-APND,-1.23593
caiso_lmp,caiso_lmp,2026-04-19T05:55:00-00:00,2026-04-19T05:50:00-00:00,MCL,TH_SP15_GEN-APND,-1.21296
caiso_lmp,caiso_lmp,2026-04-19T06:00:00-00:00,2026-04-19T05:55:00-00:00,MCL,TH_SP15_GEN-APND,-1.20427
caiso_lmp,caiso_lmp,2026-04-19T06:05:00-00:00,2026-04-19T06:00:00-00:00,MCL,TH_SP15_GEN-APND,-1.09876
caiso_lmp,caiso_lmp,2026-04-19T06:10:00-00:00,2026-04-19T06:05:00-00:00,MCL,TH_SP15_GEN-APND,-1.08785
caiso_lmp,caiso_lmp,2026-04-19T06:15:00-00:00,2026-04-19T06:10:00-00:00,MCL,TH_SP15_GEN-APND,-1.08785
caiso_lmp,caiso_lmp,2026-04-19T06:20:00-00:00,2026-04-19T06:15:00-00:00,MCL,TH_SP15_GEN-APND,-1.03535
caiso_lmp,caiso_lmp,2026-04-19T06:25:00-00:00,2026-04-19T06:20:00-00:00,MCL,TH_SP15_GEN-APND,-1.04024
caiso_lmp,caiso_lmp,2026-04-19T06:30:00-00:00,2026-04-19T06:25:00-00:00,MCL,TH_SP15_GEN-APND,-1.04959
caiso_lmp,caiso_lmp,2026-04-19T06:35:00-00:00,2026-04-19T06:30:00-00:00,MCL,TH_SP15_GEN-APND,-1.10788
caiso_lmp,caiso_lmp,2026-04-19T06:40:00-00:00,2026-04-19T06:35:00-00:00,MCL,TH_SP15_GEN-APND,-1.07023
caiso_lmp,caiso_lmp,2026-04-19T06:45:00-00:00,2026-04-19T06:40:00-00:00,MCL,TH_SP15_GEN-APND,-1.03338
caiso_lmp,caiso_lmp,2026-04-19T06:50:00-00:00,2026-04-19T06:45:00-00:00,MCL,TH_SP15_GEN-APND,-1.01166
caiso_lmp,caiso_lmp,2026-04-19T06:55:00-00:00,2026-04-19T06:50:00-00:00,MCL,TH_SP15_GEN-APND,-1.02313
caiso_lmp,caiso_lmp,2026-04-19T07:00:00-00:00,2026-04-19T06:55:00-00:00,MCL,TH_SP15_GEN-APND,-1.04143
caiso_lmp,caiso_lmp,2026-04-19T01:30:00-00:00,2026-04-19T01:25:00-00:00,LMP,TH_SP15_GEN-APND,29.98667
caiso_lmp,caiso_lmp,2026-04-19T01:35:00-00:00,2026-04-19T01:30:00-00:00,LMP,TH_SP15_GEN-APND,34.59039
caiso_lmp,caiso_lmp,2026-04-19T01:40:00-00:00,2026-04-19T01:35:00-00:00,LMP,TH_SP15_GEN-APND,38.08973
caiso_lmp,caiso_lmp,2026-04-19T01:45:00-00:00,2026-04-19T01:40:00-00:00,LMP,TH_SP15_GEN-APND,33.95019
caiso_lmp,caiso_lmp,2026-04-19T01:50:00-00:00,2026-04-19T01:45:00-00:00,LMP,TH_SP15_GEN-APND,34.77002
caiso_lmp,caiso_lmp,2026-04-19T01:55:00-00:00,2026-04-19T01:50:00-00:00,LMP,TH_SP15_GEN-APND,35.72149
caiso_lmp,caiso_lmp,2026-04-19T02:00:00-00:00,2026-04-19T01:55:00-00:00,LMP,TH_SP15_GEN-APND,35.94111
caiso_lmp,caiso_lmp,2026-04-19T02:05:00-00:00,2026-04-19T02:00:00-00:00,LMP,TH_SP15_GEN-APND,29.45825
caiso_lmp,caiso_lmp,2026-04-19T02:10:00-00:00,2026-04-19T02:05:00-00:00,LMP,TH_SP15_GEN-APND,28.96886
caiso_lmp,caiso_lmp,2026-04-19T02:15:00-00:00,2026-04-19T02:10:00-00:00,LMP,TH_SP15_GEN-APND,29.00056
caiso_lmp,caiso_lmp,2026-04-19T02:20:00-00:00,2026-04-19T02:15:00-00:00,LMP,TH_SP15_GEN-APND,30.57479
caiso_lmp,caiso_lmp,2026-04-19T02:25:00-00:00,2026-04-19T02:20:00-00:00,LMP,TH_SP15_GEN-APND,31.58603
caiso_lmp,caiso_lmp,2026-04-19T02:30:00-00:00,2026-04-19T02:25:00-00:00,LMP,TH_SP15_GEN-APND,31.43112
caiso_lmp,caiso_lmp,2026-04-19T02:35:00-00:00,2026-04-19T02:30:00-00:00,LMP,TH_SP15_GEN-APND,30.69532
caiso_lmp,caiso_lmp,2026-04-19T02:40:00-00:00,2026-04-19T02:35:00-00:00,LMP,TH_SP15_GEN-APND,29.76452
caiso_lmp,caiso_lmp,2026-04-19T02:45:00-00:00,2026-04-19T02:40:00-00:00,LMP,TH_SP15_GEN-APND,29.59528
caiso_lmp,caiso_lmp,2026-04-19T02:50:00-00:00,2026-04-19T02:45:00-00:00,LMP,TH_SP15_GEN-APND,30.118
caiso_lmp,caiso_lmp,2026-04-19T02:55:00-00:00,2026-04-19T02:50:00-00:00,LMP,TH_SP15_GEN-APND,30.17987
caiso_lmp,caiso_lmp,2026-04-19T03:00:00-00:00,2026-04-19T02:55:00-00:00,LMP,TH_SP15_GEN-APND,30.23289
caiso_lmp,caiso_lmp,2026-04-19T03:05:00-00:00,2026-04-19T03:00:00-00:00,LMP,TH_SP15_GEN-APND,30.81883
caiso_lmp,caiso_lmp,2026-04-19T03:10:00-00:00,2026-04-19T03:05:00-00:00,LMP,TH_SP15_GEN-APND,30.80257
caiso_lmp,caiso_lmp,2026-04-19T03:15:00-00:00,2026-04-19T03:10:00-00:00,LMP,TH_SP15_GEN-APND,30.32903
caiso_lmp,caiso_lmp,2026-04-19T03:20:00-00:00,2026-04-19T03:15:00-00:00,LMP,TH_SP15_GEN-APND,29.41577
caiso_lmp,caiso_lmp,2026-04-19T03:25:00-00:00,2026-04-19T03:20:00-00:00,LMP,TH_SP15_GEN-APND,29.24163
caiso_lmp,caiso_lmp,2026-04-19T03:30:00-00:00,2026-04-19T03:25:00-00:00,LMP,TH_SP15_GEN-APND,28.99911
caiso_lmp,caiso_lmp,2026-04-19T03:35:00-00:00,2026-04-19T03:30:00-00:00,LMP,TH_SP15_GEN-APND,28.68896
caiso_lmp,caiso_lmp,2026-04-19T03:40:00-00:00,2026-04-19T03:35:00-00:00,LMP,TH_SP15_GEN-APND,27.95622
caiso_lmp,caiso_lmp,2026-04-19T03:45:00-00:00,2026-04-19T03:40:00-00:00,LMP,TH_SP15_GEN-APND,27.58904
caiso_lmp,caiso_lmp,2026-04-19T03:50:00-00:00,2026-04-19T03:45:00-00:00,LMP,TH_SP15_GEN-APND,26.45309
caiso_lmp,caiso_lmp,2026-04-19T03:55:00-00:00,2026-04-19T03:50:00-00:00,LMP,TH_SP15_GEN-APND,26.36222
caiso_lmp,caiso_lmp,2026-04-19T04:00:00-00:00,2026-04-19T03:55:00-00:00,LMP,TH_SP15_GEN-APND,26.23171
caiso_lmp,caiso_lmp,2026-04-19T04:05:00-00:00,2026-04-19T04:00:00-00:00,LMP,TH_SP15_GEN-APND,27.44661
caiso_lmp,caiso_lmp,2026-04-19T04:10:00-00:00,2026-04-19T04:05:00-00:00,LMP,TH_SP15_GEN-APND,27.39846
caiso_lmp,caiso_lmp,2026-04-19T04:15:00-00:00,2026-04-19T04:10:00-00:00,LMP,TH_SP15_GEN-APND,26.16516
caiso_lmp,caiso_lmp,2026-04-19T04:20:00-00:00,2026-04-19T04:15:00-00:00,LMP,TH_SP15_GEN-APND,25.65732
caiso_lmp,caiso_lmp,2026-04-19T04:25:00-00:00,2026-04-19T04:20:00-00:00,LMP,TH_SP15_GEN-APND,26.16939
caiso_lmp,caiso_lmp,2026-04-19T04:30:00-00:00,2026-04-19T04:25:00-00:00,LMP,TH_SP15_GEN-APND,26.21498
caiso_lmp,caiso_lmp,2026-04-19T04:35:00-00:00,2026-04-19T04:30:00-00:00,LMP,TH_SP15_GEN-APND,26.43185
caiso_lmp,caiso_lmp,2026-04-19T04:40:00-00:00,2026-04-19T04:35:00-00:00,LMP,TH_SP15_GEN-APND,26.7501
caiso_lmp,caiso_lmp,2026-04-19T04:45:00-00:00,2026-04-19T04:40:00-00:00,LMP,TH_SP15_GEN-APND,27.00667
caiso_lmp,caiso_lmp,2026-04-19T04:50:00-00:00,2026-04-19T04:45:00-00:00,LMP,TH_SP15_GEN-APND,27.30927
caiso_lmp,caiso_lmp,2026-04-19T04:55:00-00:00,2026-04-19T04:50:00-00:00,LMP,TH_SP15_GEN-APND,27.15362
caiso_lmp,caiso_lmp,2026-04-19T05:00:00-00:00,2026-04-19T04:55:00-00:00,LMP,TH_SP15_GEN-APND,27.48822
caiso_lmp,caiso_lmp,2026-04-19T05:05:00-00:00,2026-04-19T05:00:00-00:00,LMP,TH_SP15_GEN-APND,28.0238
caiso_lmp,caiso_lmp,2026-04-19T05:10:00-00:00,2026-04-19T05:05:00-00:00,LMP,TH_SP15_GEN-APND,27.95271
caiso_lmp,caiso_lmp,2026-04-19T05:15:00-00:00,2026-04-19T05:10:00-00:00,LMP,TH_SP15_GEN-APND,28.03232
caiso_lmp,caiso_lmp,2026-04-19T05:20:00-00:00,2026-04-19T05:15:00-00:00,LMP,TH_SP15_GEN-APND,28.08355
caiso_lmp,caiso_lmp,2026-04-19T05:25:00-00:00,2026-04-19T05:20:00-00:00,LMP,TH_SP15_GEN-APND,28.98442
caiso_lmp,caiso_lmp,2026-04-19T05:30:00-00:00,2026-04-19T05:25:00-00:00,LMP,TH_SP15_GEN-APND,29.00556
caiso_lmp,caiso_lmp,2026-04-19T05:35:00-00:00,2026-04-19T05:30:00-00:00,LMP,TH_SP15_GEN-APND,29.07608
caiso_lmp,caiso_lmp,2026-04-19T05:40:00-00:00,2026-04-19T05:35:00-00:00,LMP,TH_SP15_GEN-APND,29.04523
caiso_lmp,caiso_lmp,2026-04-19T05:45:00-00:00,2026-04-19T05:40:00-00:00,LMP,TH_SP15_GEN-APND,29.47062
caiso_lmp,caiso_lmp,2026-04-19T05:50:00-00:00,2026-04-19T05:45:00-00:00,LMP,TH_SP15_GEN-APND,29.48705
caiso_lmp,caiso_lmp,2026-04-19T05:55:00-00:00,2026-04-19T05:50:00-00:00,LMP,TH_SP15_GEN-APND,28.92891
caiso_lmp,caiso_lmp,2026-04-19T06:00:00-00:00,2026-04-19T05:55:00-00:00,LMP,TH_SP15_GEN-APND,28.71668
caiso_lmp,caiso_lmp,2026-04-19T06:05:00-00:00,2026-04-19T06:00:00-00:00,LMP,TH_SP15_GEN-APND,29.35432
caiso_lmp,caiso_lmp,2026-04-19T06:10:00-00:00,2026-04-19T06:05:00-00:00,LMP,TH_SP15_GEN-APND,29.0573
caiso_lmp,caiso_lmp,2026-04-19T06:15:00-00:00,2026-04-19T06:10:00-00:00,LMP,TH_SP15_GEN-APND,29.0573
caiso_lmp,caiso_lmp,2026-04-19T06:20:00-00:00,2026-04-19T06:15:00-00:00,LMP,TH_SP15_GEN-APND,29.09863
caiso_lmp,caiso_lmp,2026-04-19T06:25:00-00:00,2026-04-19T06:20:00-00:00,LMP,TH_SP15_GEN-APND,29.50026
caiso_lmp,caiso_lmp,2026-04-19T06:30:00-00:00,2026-04-19T06:25:00-00:00,LMP,TH_SP15_GEN-APND,29.79943
caiso_lmp,caiso_lmp,2026-04-19T06:35:00-00:00,2026-04-19T06:30:00-00:00,LMP,TH_SP15_GEN-APND,29.59987
caiso_lmp,caiso_lmp,2026-04-19T06:40:00-00:00,2026-04-19T06:35:00-00:00,LMP,TH_SP15_GEN-APND,28.57551
caiso_lmp,caiso_lmp,2026-04-19T06:45:00-00:00,2026-04-19T06:40:00-00:00,LMP,TH_SP15_GEN-APND,28.05448
caiso_lmp,caiso_lmp,2026-04-19T06:50:00-00:00,2026-04-19T06:45:00-00:00,LMP,TH_SP15_GEN-APND,27.92674
caiso_lmp,caiso_lmp,2026-04-19T06:55:00-00:00,2026-04-19T06:50:00-00:00,LMP,TH_SP15_GEN-APND,27.94836
caiso_lmp,caiso_lmp,2026-04-19T07:00:00-00:00,2026-04-19T06:55:00-00:00,LMP,TH_SP15_GEN-APND,28.46714
caiso_lmp,caiso_lmp,2026-04-19T07:05:00-00:00,2026-04-19T07:00:00-00:00,MCC,TH_SP15_GEN-APND,13.98008
caiso_lmp,caiso_lmp,2026-04-19T07:10:00-00:00,2026-04-19T07:05:00-00:00,MCC,TH_SP15_GEN-APND,13.08491
caiso_lmp,caiso_lmp,2026-04-19T07:15:00-00:00,2026-04-19T07:10:00-00:00,MCC,TH_SP15_GEN-APND,13.42155
caiso_lmp,caiso_lmp,2026-04-19T07:20:00-00:00,2026-04-19T07:15:00-00:00,MCC,TH_SP15_GEN-APND,17.16363
caiso_lmp,caiso_lmp,2026-04-19T07:25:00-00:00,2026-04-19T07:20:00-00:00,MCC,TH_SP15_GEN-APND,22.11304
caiso_lmp,caiso_lmp,2026-04-19T07:05:00-00:00,2026-04-19T07:00:00-00:00,MCE,TH_SP15_GEN-APND,20.40465
caiso_lmp,caiso_lmp,2026-04-19T07:10:00-00:00,2026-04-19T07:05:00-00:00,MCE,TH_SP15_GEN-APND,18.78311
caiso_lmp,caiso_lmp,2026-04-19T07:15:00-00:00,2026-04-19T07:10:00-00:00,MCE,TH_SP15_GEN-APND,18.40536
caiso_lmp,caiso_lmp,2026-04-19T07:20:00-00:00,2026-04-19T07:15:00-00:00,MCE,TH_SP15_GEN-APND,20.95497
caiso_lmp,caiso_lmp,2026-04-19T07:25:00-00:00,2026-04-19T07:20:00-00:00,MCE,TH_SP15_GEN-APND,16.72227
caiso_lmp,caiso_lmp,2026-04-19T07:05:00-00:00,2026-04-19T07:00:00-00:00,MCL,TH_SP15_GEN-APND,-0.90597
caiso_lmp,caiso_lmp,2026-04-19T07:10:00-00:00,2026-04-19T07:05:00-00:00,MCL,TH_SP15_GEN-APND,-0.83397
caiso_lmp,caiso_lmp,2026-04-19T07:15:00-00:00,2026-04-19T07:10:00-00:00,MCL,TH_SP15_GEN-APND,-0.8172
caiso_lmp,caiso_lmp,2026-04-19T07:20:00-00:00,2026-04-19T07:15:00-00:00,MCL,TH_SP15_GEN-APND,-0.94926
caiso_lmp,caiso_lmp,2026-04-19T07:25:00-00:00,2026-04-19T07:20:00-00:00,MCL,TH_SP15_GEN-APND,-0.75752
caiso_lmp,caiso_lmp,2026-04-19T07:05:00-00:00,2026-04-19T07:00:00-00:00,LMP,TH_SP15_GEN-APND,33.47877
caiso_lmp,caiso_lmp,2026-04-19T07:10:00-00:00,2026-04-19T07:05:00-00:00,LMP,TH_SP15_GEN-APND,31.03406
caiso_lmp,caiso_lmp,2026-04-19T07:15:00-00:00,2026-04-19T07:10:00-00:00,LMP,TH_SP15_GEN-APND,31.00971
caiso_lmp,caiso_lmp,2026-04-19T07:20:00-00:00,2026-04-19T07:15:00-00:00,LMP,TH_SP15_GEN-APND,37.16934
caiso_lmp,caiso_lmp,2026-04-19T07:25:00-00:00,2026-04-19T07:20:00-00:00,LMP,TH_SP15_GEN-APND,38.07779
caiso_lmp,caiso_lmp,2026-04-19T01:30:00-00:00,2026-04-19T01:25:00-00:00,MCC,TH_NP15_GEN-APND,14.00372
caiso_lmp,caiso_lmp,2026-04-19T01:35:00-00:00,2026-04-19T01:30:00-00:00,MCC,TH_NP15_GEN-APND,18.48843
caiso_lmp,caiso_lmp,2026-04-19T01:40:00-00:00,2026-04-19T01:35:00-00:00,MCC,TH_NP15_GEN-APND,17.47701
caiso_lmp,caiso_lmp,2026-04-19T01:45:00-00:00,2026-04-19T01:40:00-00:00,MCC,TH_NP15_GEN-APND,13.62109
caiso_lmp,caiso_lmp,2026-04-19T01:50:00-00:00,2026-04-19T01:45:00-00:00,MCC,TH_NP15_GEN-APND,14.52264
caiso_lmp,caiso_lmp,2026-04-19T01:55:00-00:00,2026-04-19T01:50:00-00:00,MCC,TH_NP15_GEN-APND,14.21148
caiso_lmp,caiso_lmp,2026-04-19T02:00:00-00:00,2026-04-19T01:55:00-00:00,MCC,TH_NP15_GEN-APND,15.06876
caiso_lmp,caiso_lmp,2026-04-19T02:05:00-00:00,2026-04-19T02:00:00-00:00,MCC,TH_NP15_GEN-APND,11.50985
caiso_lmp,caiso_lmp,2026-04-19T02:10:00-00:00,2026-04-19T02:05:00-00:00,MCC,TH_NP15_GEN-APND,11.23483
caiso_lmp,caiso_lmp,2026-04-19T02:15:00-00:00,2026-04-19T02:10:00-00:00,MCC,TH_NP15_GEN-APND,11.12658
caiso_lmp,caiso_lmp,2026-04-19T02:20:00-00:00,2026-04-19T02:15:00-00:00,MCC,TH_NP15_GEN-APND,11.84241
caiso_lmp,caiso_lmp,2026-04-19T02:25:00-00:00,2026-04-19T02:20:00-00:00,MCC,TH_NP15_GEN-APND,11.26273
caiso_lmp,caiso_lmp,2026-04-19T02:30:00-00:00,2026-04-19T02:25:00-00:00,MCC,TH_NP15_GEN-APND,10.337
caiso_lmp,caiso_lmp,2026-04-19T02:35:00-00:00,2026-04-19T02:30:00-00:00,MCC,TH_NP15_GEN-APND,9.41382
caiso_lmp,caiso_lmp,2026-04-19T02:40:00-00:00,2026-04-19T02:35:00-00:00,MCC,TH_NP15_GEN-APND,9.0268
caiso_lmp,caiso_lmp,2026-04-19T02:45:00-00:00,2026-04-19T02:40:00-00:00,MCC,TH_NP15_GEN-APND,9.59231
caiso_lmp,caiso_lmp,2026-04-19T02:50:00-00:00,2026-04-19T02:45:00-00:00,MCC,TH_NP15_GEN-APND,9.20702
caiso_lmp,caiso_lmp,2026-04-19T02:55:00-00:00,2026-04-19T02:50:00-00:00,MCC,TH_NP15_GEN-APND,9.77904
caiso_lmp,caiso_lmp,2026-04-19T03:00:00-00:00,2026-04-19T02:55:00-00:00,MCC,TH_NP15_GEN-APND,10.59761
caiso_lmp,caiso_lmp,2026-04-19T03:05:00-00:00,2026-04-19T03:00:00-00:00,MCC,TH_NP15_GEN-APND,11.6426
caiso_lmp,caiso_lmp,2026-04-19T03:10:00-00:00,2026-04-19T03:05:00-00:00,MCC,TH_NP15_GEN-APND,11.6348
caiso_lmp,caiso_lmp,2026-04-19T03:15:00-00:00,2026-04-19T03:10:00-00:00,MCC,TH_NP15_GEN-APND,11.58164
caiso_lmp,caiso_lmp,2026-04-19T03:20:00-00:00,2026-04-19T03:15:00-00:00,MCC,TH_NP15_GEN-APND,10.67915
caiso_lmp,caiso_lmp,2026-04-19T03:25:00-00:00,2026-04-19T03:20:00-00:00,MCC,TH_NP15_GEN-APND,11.32347
caiso_lmp,caiso_lmp,2026-04-19T03:30:00-00:00,2026-04-19T03:25:00-00:00,MCC,TH_NP15_GEN-APND,11.75416
caiso_lmp,caiso_lmp,2026-04-19T03:35:00-00:00,2026-04-19T03:30:00-00:00,MCC,TH_NP15_GEN-APND,11.6611
caiso_lmp,caiso_lmp,2026-04-19T03:40:00-00:00,2026-04-19T03:35:00-00:00,MCC,TH_NP15_GEN-APND,12.50605
caiso_lmp,caiso_lmp,2026-04-19T03:45:00-00:00,2026-04-19T03:40:00-00:00,MCC,TH_NP15_GEN-APND,14.07746
caiso_lmp,caiso_lmp,2026-04-19T03:50:00-00:00,2026-04-19T03:45:00-00:00,MCC,TH_NP15_GEN-APND,14.5614
caiso_lmp,caiso_lmp,2026-04-19T03:55:00-00:00,2026-04-19T03:50:00-00:00,MCC,TH_NP15_GEN-APND,14.99152
caiso_lmp,caiso_lmp,2026-04-19T04:00:00-00:00,2026-04-19T03:55:00-00:00,MCC,TH_NP15_GEN-APND,14.48775
caiso_lmp,caiso_lmp,2026-04-19T04:05:00-00:00,2026-04-19T04:00:00-00:00,MCC,TH_NP15_GEN-APND,12.50176
caiso_lmp,caiso_lmp,2026-04-19T04:10:00-00:00,2026-04-19T04:05:00-00:00,MCC,TH_NP15_GEN-APND,10.94586
caiso_lmp,caiso_lmp,2026-04-19T04:15:00-00:00,2026-04-19T04:10:00-00:00,MCC,TH_NP15_GEN-APND,10.47486
caiso_lmp,caiso_lmp,2026-04-19T04:20:00-00:00,2026-04-19T04:15:00-00:00,MCC,TH_NP15_GEN-APND,10.23482
caiso_lmp,caiso_lmp,2026-04-19T04:25:00-00:00,2026-04-19T04:20:00-00:00,MCC,TH_NP15_GEN-APND,10.42952
caiso_lmp,caiso_lmp,2026-04-19T04:30:00-00:00,2026-04-19T04:25:00-00:00,MCC,TH_NP15_GEN-APND,10.27393
caiso_lmp,caiso_lmp,2026-04-19T04:35:00-00:00,2026-04-19T04:30:00-00:00,MCC,TH_NP15_GEN-APND,10.61583
caiso_lmp,caiso_lmp,2026-04-19T04:40:00-00:00,2026-04-19T04:35:00-00:00,MCC,TH_NP15_GEN-APND,12.1164
caiso_lmp,caiso_lmp,2026-04-19T04:45:00-00:00,2026-04-19T04:40:00-00:00,MCC,TH_NP15_GEN-APND,12.39227
caiso_lmp,caiso_lmp,2026-04-19T04:50:00-00:00,2026-04-19T04:45:00-00:00,MCC,TH_NP15_GEN-APND,11.24261
caiso_lmp,caiso_lmp,2026-04-19T04:55:00-00:00,2026-04-19T04:50:00-00:00,MCC,TH_NP15_GEN-APND,10.84618
caiso_lmp,caiso_lmp,2026-04-19T05:00:00-00:00,2026-04-19T04:55:00-00:00,MCC,TH_NP15_GEN-APND,11.03978
caiso_lmp,caiso_lmp,2026-04-19T05:05:00-00:00,2026-04-19T05:00:00-00:00,MCC,TH_NP15_GEN-APND,11.53539
caiso_lmp,caiso_lmp,2026-04-19T05:10:00-00:00,2026-04-19T05:05:00-00:00,MCC,TH_NP15_GEN-APND,11.15663
caiso_lmp,caiso_lmp,2026-04-19T05:15:00-00:00,2026-04-19T05:10:00-00:00,MCC,TH_NP15_GEN-APND,11.21139
caiso_lmp,caiso_lmp,2026-04-19T05:20:00-00:00,2026-04-19T05:15:00-00:00,MCC,TH_NP15_GEN-APND,11.4856
caiso_lmp,caiso_lmp,2026-04-19T05:25:00-00:00,2026-04-19T05:20:00-00:00,MCC,TH_NP15_GEN-APND,11.8372
caiso_lmp,caiso_lmp,2026-04-19T05:30:00-00:00,2026-04-19T05:25:00-00:00,MCC,TH_NP15_GEN-APND,11.95158
caiso_lmp,caiso_lmp,2026-04-19T05:35:00-00:00,2026-04-19T05:30:00-00:00,MCC,TH_NP15_GEN-APND,11.90395
caiso_lmp,caiso_lmp,2026-04-19T05:40:00-00:00,2026-04-19T05:35:00-00:00,MCC,TH_NP15_GEN-APND,13.23617
caiso_lmp,caiso_lmp,2026-04-19T05:45:00-00:00,2026-04-19T05:40:00-00:00,MCC,TH_NP15_GEN-APND,13.69643
caiso_lmp,caiso_lmp,2026-04-19T05:50:00-00:00,2026-04-19T05:45:00-00:00,MCC,TH_NP15_GEN-APND,13.80774
caiso_lmp,caiso_lmp,2026-04-19T05:55:00-00:00,2026-04-19T05:50:00-00:00,MCC,TH_NP15_GEN-APND,13.34519
caiso_lmp,caiso_lmp,2026-04-19T06:00:00-00:00,2026-04-19T05:55:00-00:00,MCC,TH_NP15_GEN-APND,13.24571
caiso_lmp,caiso_lmp,2026-04-19T06:05:00-00:00,2026-04-19T06:00:00-00:00,MCC,TH_NP15_GEN-APND,13.80684
caiso_lmp,caiso_lmp,2026-04-19T06:10:00-00:00,2026-04-19T06:05:00-00:00,MCC,TH_NP15_GEN-APND,13.4461
caiso_lmp,caiso_lmp,2026-04-19T06:15:00-00:00,2026-04-19T06:10:00-00:00,MCC,TH_NP15_GEN-APND,13.4461
caiso_lmp,caiso_lmp,2026-04-19T06:20:00-00:00,2026-04-19T06:15:00-00:00,MCC,TH_NP15_GEN-APND,13.68012
caiso_lmp,caiso_lmp,2026-04-19T06:25:00-00:00,2026-04-19T06:20:00-00:00,MCC,TH_NP15_GEN-APND,14.26187
caiso_lmp,caiso_lmp,2026-04-19T06:30:00-00:00,2026-04-19T06:25:00-00:00,MCC,TH_NP15_GEN-APND,14.43926
caiso_lmp,caiso_lmp,2026-04-19T06:35:00-00:00,2026-04-19T06:30:00-00:00,MCC,TH_NP15_GEN-APND,14.22911
caiso_lmp,caiso_lmp,2026-04-19T06:40:00-00:00,2026-04-19T06:35:00-00:00,MCC,TH_NP15_GEN-APND,13.89391
caiso_lmp,caiso_lmp,2026-04-19T06:45:00-00:00,2026-04-19T06:40:00-00:00,MCC,TH_NP15_GEN-APND,14.09227
caiso_lmp,caiso_lmp,2026-04-19T06:50:00-00:00,2026-04-19T06:45:00-00:00,MCC,TH_NP15_GEN-APND,13.81221
caiso_lmp,caiso_lmp,2026-04-19T06:55:00-00:00,2026-04-19T06:50:00-00:00,MCC,TH_NP15_GEN-APND,13.5388
caiso_lmp,caiso_lmp,2026-04-19T07:00:00-00:00,2026-04-19T06:55:00-00:00,MCC,TH_NP15_GEN-APND,13.80739
caiso_lmp,caiso_lmp,2026-04-19T01:30:00-00:00,2026-04-19T01:25:00-00:00,MCE,TH_NP15_GEN-APND,22.02222
caiso_lmp,caiso_lmp,2026-04-19T01:35:00-00:00,2026-04-19T01:30:00-00:00,MCE,TH_NP15_GEN-APND,23.74553
caiso_lmp,caiso_lmp,2026-04-19T01:40:00-00:00,2026-04-19T01:35:00-00:00,MCE,TH_NP15_GEN-APND,28.1708
caiso_lmp,caiso_lmp,2026-04-19T01:45:00-00:00,2026-04-19T01:40:00-00:00,MCE,TH_NP15_GEN-APND,26.47103
caiso_lmp,caiso_lmp,2026-04-19T01:50:00-00:00,2026-04-19T01:45:00-00:00,MCE,TH_NP15_GEN-APND,26.70828
caiso_lmp,caiso_lmp,2026-04-19T01:55:00-00:00,2026-04-19T01:50:00-00:00,MCE,TH_NP15_GEN-APND,27.95409
caiso_lmp,caiso_lmp,2026-04-19T02:00:00-00:00,2026-04-19T01:55:00-00:00,MCE,TH_NP15_GEN-APND,27.58785
caiso_lmp,caiso_lmp,2026-04-19T02:05:00-00:00,2026-04-19T02:00:00-00:00,MCE,TH_NP15_GEN-APND,22.77053
caiso_lmp,caiso_lmp,2026-04-19T02:10:00-00:00,2026-04-19T02:05:00-00:00,MCE,TH_NP15_GEN-APND,22.45625
caiso_lmp,caiso_lmp,2026-04-19T02:15:00-00:00,2026-04-19T02:10:00-00:00,MCE,TH_NP15_GEN-APND,22.56597
caiso_lmp,caiso_lmp,2026-04-19T02:20:00-00:00,2026-04-19T02:15:00-00:00,MCE,TH_NP15_GEN-APND,23.73299
caiso_lmp,caiso_lmp,2026-04-19T02:25:00-00:00,2026-04-19T02:20:00-00:00,MCE,TH_NP15_GEN-APND,25.19688
caiso_lmp,caiso_lmp,2026-04-19T02:30:00-00:00,2026-04-19T02:25:00-00:00,MCE,TH_NP15_GEN-APND,25.69129
caiso_lmp,caiso_lmp,2026-04-19T02:35:00-00:00,2026-04-19T02:30:00-00:00,MCE,TH_NP15_GEN-APND,25.56166
caiso_lmp,caiso_lmp,2026-04-19T02:40:00-00:00,2026-04-19T02:35:00-00:00,MCE,TH_NP15_GEN-APND,24.86719
caiso_lmp,caiso_lmp,2026-04-19T02:45:00-00:00,2026-04-19T02:40:00-00:00,MCE,TH_NP15_GEN-APND,24.28868
caiso_lmp,caiso_lmp,2026-04-19T02:50:00-00:00,2026-04-19T02:45:00-00:00,MCE,TH_NP15_GEN-APND,25.09237
caiso_lmp,caiso_lmp,2026-04-19T02:55:00-00:00,2026-04-19T02:50:00-00:00,MCE,TH_NP15_GEN-APND,24.74968
caiso_lmp,caiso_lmp,2026-04-19T03:00:00-00:00,2026-04-19T02:55:00-00:00,MCE,TH_NP15_GEN-APND,24.22228
caiso_lmp,caiso_lmp,2026-04-19T03:05:00-00:00,2026-04-19T03:00:00-00:00,MCE,TH_NP15_GEN-APND,24.11894
caiso_lmp,caiso_lmp,2026-04-19T03:10:00-00:00,2026-04-19T03:05:00-00:00,MCE,TH_NP15_GEN-APND,24.10755
caiso_lmp,caiso_lmp,2026-04-19T03:15:00-00:00,2026-04-19T03:10:00-00:00,MCE,TH_NP15_GEN-APND,23.65178
caiso_lmp,caiso_lmp,2026-04-19T03:20:00-00:00,2026-04-19T03:15:00-00:00,MCE,TH_NP15_GEN-APND,23.33823
caiso_lmp,caiso_lmp,2026-04-19T03:25:00-00:00,2026-04-19T03:20:00-00:00,MCE,TH_NP15_GEN-APND,22.69477
caiso_lmp,caiso_lmp,2026-04-19T03:30:00-00:00,2026-04-19T03:25:00-00:00,MCE,TH_NP15_GEN-APND,22.133
caiso_lmp,caiso_lmp,2026-04-19T03:35:00-00:00,2026-04-19T03:30:00-00:00,MCE,TH_NP15_GEN-APND,21.86854
caiso_lmp,caiso_lmp,2026-04-19T03:40:00-00:00,2026-04-19T03:35:00-00:00,MCE,TH_NP15_GEN-APND,20.49775
caiso_lmp,caiso_lmp,2026-04-19T03:45:00-00:00,2026-04-19T03:40:00-00:00,MCE,TH_NP15_GEN-APND,18.98769
caiso_lmp,caiso_lmp,2026-04-19T03:50:00-00:00,2026-04-19T03:45:00-00:00,MCE,TH_NP15_GEN-APND,17.48244
caiso_lmp,caiso_lmp,2026-04-19T03:55:00-00:00,2026-04-19T03:50:00-00:00,MCE,TH_NP15_GEN-APND,17.07723
caiso_lmp,caiso_lmp,2026-04-19T04:00:00-00:00,2026-04-19T03:55:00-00:00,MCE,TH_NP15_GEN-APND,17.31808
caiso_lmp,caiso_lmp,2026-04-19T04:05:00-00:00,2026-04-19T04:00:00-00:00,MCE,TH_NP15_GEN-APND,19.91861
caiso_lmp,caiso_lmp,2026-04-19T04:10:00-00:00,2026-04-19T04:05:00-00:00,MCE,TH_NP15_GEN-APND,21.02036
caiso_lmp,caiso_lmp,2026-04-19T04:15:00-00:00,2026-04-19T04:10:00-00:00,MCE,TH_NP15_GEN-APND,20.14233
caiso_lmp,caiso_lmp,2026-04-19T04:20:00-00:00,2026-04-19T04:15:00-00:00,MCE,TH_NP15_GEN-APND,19.79245
caiso_lmp,caiso_lmp,2026-04-19T04:25:00-00:00,2026-04-19T04:20:00-00:00,MCE,TH_NP15_GEN-APND,20.15725
caiso_lmp,caiso_lmp,2026-04-19T04:30:00-00:00,2026-04-19T04:25:00-00:00,MCE,TH_NP15_GEN-APND,20.3164
caiso_lmp,caiso_lmp,2026-04-19T04:35:00-00:00,2026-04-19T04:30:00-00:00,MCE,TH_NP15_GEN-APND,20.25567
caiso_lmp,caiso_lmp,2026-04-19T04:40:00-00:00,2026-04-19T04:35:00-00:00,MCE,TH_NP15_GEN-APND,19.4727
caiso_lmp,caiso_lmp,2026-04-19T04:45:00-00:00,2026-04-19T04:40:00-00:00,MCE,TH_NP15_GEN-APND,19.67363
caiso_lmp,caiso_lmp,2026-04-19T04:50:00-00:00,2026-04-19T04:45:00-00:00,MCE,TH_NP15_GEN-APND,20.80862
caiso_lmp,caiso_lmp,2026-04-19T04:55:00-00:00,2026-04-19T04:50:00-00:00,MCE,TH_NP15_GEN-APND,20.79689
caiso_lmp,caiso_lmp,2026-04-19T05:00:00-00:00,2026-04-19T04:55:00-00:00,MCE,TH_NP15_GEN-APND,20.98567
caiso_lmp,caiso_lmp,2026-04-19T05:05:00-00:00,2026-04-19T05:00:00-00:00,MCE,TH_NP15_GEN-APND,21.33412
caiso_lmp,caiso_lmp,2026-04-19T05:10:00-00:00,2026-04-19T05:05:00-00:00,MCE,TH_NP15_GEN-APND,21.32796
caiso_lmp,caiso_lmp,2026-04-19T05:15:00-00:00,2026-04-19T05:10:00-00:00,MCE,TH_NP15_GEN-APND,21.36331
caiso_lmp,caiso_lmp,2026-04-19T05:20:00-00:00,2026-04-19T05:15:00-00:00,MCE,TH_NP15_GEN-APND,21.33964
caiso_lmp,caiso_lmp,2026-04-19T05:25:00-00:00,2026-04-19T05:20:00-00:00,MCE,TH_NP15_GEN-APND,21.97734
caiso_lmp,caiso_lmp,2026-04-19T05:30:00-00:00,2026-04-19T05:25:00-00:00,MCE,TH_NP15_GEN-APND,21.91303
caiso_lmp,caiso_lmp,2026-04-19T05:35:00-00:00,2026-04-19T05:30:00-00:00,MCE,TH_NP15_GEN-APND,22.04213
caiso_lmp,caiso_lmp,2026-04-19T05:40:00-00:00,2026-04-19T05:35:00-00:00,MCE,TH_NP15_GEN-APND,21.04665
caiso_lmp,caiso_lmp,2026-04-19T05:45:00-00:00,2026-04-19T05:40:00-00:00,MCE,TH_NP15_GEN-APND,21.16156
caiso_lmp,caiso_lmp,2026-04-19T05:50:00-00:00,2026-04-19T05:45:00-00:00,MCE,TH_NP15_GEN-APND,21.05495
caiso_lmp,caiso_lmp,2026-04-19T05:55:00-00:00,2026-04-19T05:50:00-00:00,MCE,TH_NP15_GEN-APND,20.66366
caiso_lmp,caiso_lmp,2026-04-19T06:00:00-00:00,2026-04-19T05:55:00-00:00,MCE,TH_NP15_GEN-APND,20.51569
caiso_lmp,caiso_lmp,2026-04-19T06:05:00-00:00,2026-04-19T06:00:00-00:00,MCE,TH_NP15_GEN-APND,20.8494
caiso_lmp,caiso_lmp,2026-04-19T06:10:00-00:00,2026-04-19T06:05:00-00:00,MCE,TH_NP15_GEN-APND,20.64229
caiso_lmp,caiso_lmp,2026-04-19T06:15:00-00:00,2026-04-19T06:10:00-00:00,MCE,TH_NP15_GEN-APND,20.64229
caiso_lmp,caiso_lmp,2026-04-19T06:20:00-00:00,2026-04-19T06:15:00-00:00,MCE,TH_NP15_GEN-APND,20.62443
caiso_lmp,caiso_lmp,2026-04-19T06:25:00-00:00,2026-04-19T06:20:00-00:00,MCE,TH_NP15_GEN-APND,20.722
caiso_lmp,caiso_lmp,2026-04-19T06:30:00-00:00,2026-04-19T06:25:00-00:00,MCE,TH_NP15_GEN-APND,20.90811
caiso_lmp,caiso_lmp,2026-04-19T06:35:00-00:00,2026-04-19T06:30:00-00:00,MCE,TH_NP15_GEN-APND,20.78583
caiso_lmp,caiso_lmp,2026-04-19T06:40:00-00:00,2026-04-19T06:35:00-00:00,MCE,TH_NP15_GEN-APND,20.0794
caiso_lmp,caiso_lmp,2026-04-19T06:45:00-00:00,2026-04-19T06:40:00-00:00,MCE,TH_NP15_GEN-APND,19.38803
caiso_lmp,caiso_lmp,2026-04-19T06:50:00-00:00,2026-04-19T06:45:00-00:00,MCE,TH_NP15_GEN-APND,19.41769
caiso_lmp,caiso_lmp,2026-04-19T06:55:00-00:00,2026-04-19T06:50:00-00:00,MCE,TH_NP15_GEN-APND,19.63781
caiso_lmp,caiso_lmp,2026-04-19T07:00:00-00:00,2026-04-19T06:55:00-00:00,MCE,TH_NP15_GEN-APND,19.98899
caiso_lmp,caiso_lmp,2026-04-19T01:30:00-00:00,2026-04-19T01:25:00-00:00,MCL,TH_NP15_GEN-APND,-0.24665
caiso_lmp,caiso_lmp,2026-04-19T01:35:00-00:00,2026-04-19T01:30:00-00:00,MCL,TH_NP15_GEN-APND,-0.34906
caiso_lmp,caiso_lmp,2026-04-19T01:40:00-00:00,2026-04-19T01:35:00-00:00,MCL,TH_NP15_GEN-APND,-0.41411
caiso_lmp,caiso_lmp,2026-04-19T01:45:00-00:00,2026-04-19T01:40:00-00:00,MCL,TH_NP15_GEN-APND,-0.38912
caiso_lmp,caiso_lmp,2026-04-19T01:50:00-00:00,2026-04-19T01:45:00-00:00,MCL,TH_NP15_GEN-APND,-0.28845
caiso_lmp,caiso_lmp,2026-04-19T01:55:00-00:00,2026-04-19T01:50:00-00:00,MCL,TH_NP15_GEN-APND,-0.3019
caiso_lmp,caiso_lmp,2026-04-19T02:00:00-00:00,2026-04-19T01:55:00-00:00,MCL,TH_NP15_GEN-APND,-0.29795
caiso_lmp,caiso_lmp,2026-04-19T02:05:00-00:00,2026-04-19T02:00:00-00:00,MCL,TH_NP15_GEN-APND,-0.42581
caiso_lmp,caiso_lmp,2026-04-19T02:10:00-00:00,2026-04-19T02:05:00-00:00,MCL,TH_NP15_GEN-APND,-0.41993
caiso_lmp,caiso_lmp,2026-04-19T02:15:00-00:00,2026-04-19T02:10:00-00:00,MCL,TH_NP15_GEN-APND,-0.42198
caiso_lmp,caiso_lmp,2026-04-19T02:20:00-00:00,2026-04-19T02:15:00-00:00,MCL,TH_NP15_GEN-APND,-0.39871
caiso_lmp,caiso_lmp,2026-04-19T02:25:00-00:00,2026-04-19T02:20:00-00:00,MCL,TH_NP15_GEN-APND,-0.42331
caiso_lmp,caiso_lmp,2026-04-19T02:30:00-00:00,2026-04-19T02:25:00-00:00,MCL,TH_NP15_GEN-APND,-0.43161
caiso_lmp,caiso_lmp,2026-04-19T02:35:00-00:00,2026-04-19T02:30:00-00:00,MCL,TH_NP15_GEN-APND,-0.46522
caiso_lmp,caiso_lmp,2026-04-19T02:40:00-00:00,2026-04-19T02:35:00-00:00,MCL,TH_NP15_GEN-APND,-0.45258
caiso_lmp,caiso_lmp,2026-04-19T02:45:00-00:00,2026-04-19T02:40:00-00:00,MCL,TH_NP15_GEN-APND,-0.44205
caiso_lmp,caiso_lmp,2026-04-19T02:50:00-00:00,2026-04-19T02:45:00-00:00,MCL,TH_NP15_GEN-APND,-0.44915
caiso_lmp,caiso_lmp,2026-04-19T02:55:00-00:00,2026-04-19T02:50:00-00:00,MCL,TH_NP15_GEN-APND,-0.44302
caiso_lmp,caiso_lmp,2026-04-19T03:00:00-00:00,2026-04-19T02:55:00-00:00,MCL,TH_NP15_GEN-APND,-0.43358
caiso_lmp,caiso_lmp,2026-04-19T03:05:00-00:00,2026-04-19T03:00:00-00:00,MCL,TH_NP15_GEN-APND,-0.35455
caiso_lmp,caiso_lmp,2026-04-19T03:10:00-00:00,2026-04-19T03:05:00-00:00,MCL,TH_NP15_GEN-APND,-0.35438
caiso_lmp,caiso_lmp,2026-04-19T03:15:00-00:00,2026-04-19T03:10:00-00:00,MCL,TH_NP15_GEN-APND,-0.34768
caiso_lmp,caiso_lmp,2026-04-19T03:20:00-00:00,2026-04-19T03:15:00-00:00,MCL,TH_NP15_GEN-APND,-0.26839
caiso_lmp,caiso_lmp,2026-04-19T03:25:00-00:00,2026-04-19T03:20:00-00:00,MCL,TH_NP15_GEN-APND,-0.26099
caiso_lmp,caiso_lmp,2026-04-19T03:30:00-00:00,2026-04-19T03:25:00-00:00,MCL,TH_NP15_GEN-APND,-0.25453
caiso_lmp,caiso_lmp,2026-04-19T03:35:00-00:00,2026-04-19T03:30:00-00:00,MCL,TH_NP15_GEN-APND,-0.25586
caiso_lmp,caiso_lmp,2026-04-19T03:40:00-00:00,2026-04-19T03:35:00-00:00,MCL,TH_NP15_GEN-APND,-0.23982
caiso_lmp,caiso_lmp,2026-04-19T03:45:00-00:00,2026-04-19T03:40:00-00:00,MCL,TH_NP15_GEN-APND,-0.22216
caiso_lmp,caiso_lmp,2026-04-19T03:50:00-00:00,2026-04-19T03:45:00-00:00,MCL,TH_NP15_GEN-APND,-0.21853
caiso_lmp,caiso_lmp,2026-04-19T03:55:00-00:00,2026-04-19T03:50:00-00:00,MCL,TH_NP15_GEN-APND,-0.21347
caiso_lmp,caiso_lmp,2026-04-19T04:00:00-00:00,2026-04-19T03:55:00-00:00,MCL,TH_NP15_GEN-APND,-0.21648
caiso_lmp,caiso_lmp,2026-04-19T04:05:00-00:00,2026-04-19T04:00:00-00:00,MCL,TH_NP15_GEN-APND,-0.2191
caiso_lmp,caiso_lmp,2026-04-19T04:10:00-00:00,2026-04-19T04:05:00-00:00,MCL,TH_NP15_GEN-APND,-0.23122
caiso_lmp,caiso_lmp,2026-04-19T04:15:00-00:00,2026-04-19T04:10:00-00:00,MCL,TH_NP15_GEN-APND,-0.22157
caiso_lmp,caiso_lmp,2026-04-19T04:20:00-00:00,2026-04-19T04:15:00-00:00,MCL,TH_NP15_GEN-APND,-0.23157
caiso_lmp,caiso_lmp,2026-04-19T04:25:00-00:00,2026-04-19T04:20:00-00:00,MCL,TH_NP15_GEN-APND,-0.23584
caiso_lmp,caiso_lmp,2026-04-19T04:30:00-00:00,2026-04-19T04:25:00-00:00,MCL,TH_NP15_GEN-APND,-0.2377
caiso_lmp,caiso_lmp,2026-04-19T04:35:00-00:00,2026-04-19T04:30:00-00:00,MCL,TH_NP15_GEN-APND,-0.2532
caiso_lmp,caiso_lmp,2026-04-19T04:40:00-00:00,2026-04-19T04:35:00-00:00,MCL,TH_NP15_GEN-APND,-0.24341
caiso_lmp,caiso_lmp,2026-04-19T04:45:00-00:00,2026-04-19T04:40:00-00:00,MCL,TH_NP15_GEN-APND,-0.24592
caiso_lmp,caiso_lmp,2026-04-19T04:50:00-00:00,2026-04-19T04:45:00-00:00,MCL,TH_NP15_GEN-APND,-0.23306
caiso_lmp,caiso_lmp,2026-04-19T04:55:00-00:00,2026-04-19T04:50:00-00:00,MCL,TH_NP15_GEN-APND,-0.23293
caiso_lmp,caiso_lmp,2026-04-19T05:00:00-00:00,2026-04-19T04:55:00-00:00,MCL,TH_NP15_GEN-APND,-0.23504
caiso_lmp,caiso_lmp,2026-04-19T05:05:00-00:00,2026-04-19T05:00:00-00:00,MCL,TH_NP15_GEN-APND,-0.36481
caiso_lmp,caiso_lmp,2026-04-19T05:10:00-00:00,2026-04-19T05:05:00-00:00,MCL,TH_NP15_GEN-APND,-0.36471
caiso_lmp,caiso_lmp,2026-04-19T05:15:00-00:00,2026-04-19T05:10:00-00:00,MCL,TH_NP15_GEN-APND,-0.36531
caiso_lmp,caiso_lmp,2026-04-19T05:20:00-00:00,2026-04-19T05:15:00-00:00,MCL,TH_NP15_GEN-APND,-0.44173
caiso_lmp,caiso_lmp,2026-04-19T05:25:00-00:00,2026-04-19T05:20:00-00:00,MCL,TH_NP15_GEN-APND,-0.45493
caiso_lmp,caiso_lmp,2026-04-19T05:30:00-00:00,2026-04-19T05:25:00-00:00,MCL,TH_NP15_GEN-APND,-0.4536
caiso_lmp,caiso_lmp,2026-04-19T05:35:00-00:00,2026-04-19T05:30:00-00:00,MCL,TH_NP15_GEN-APND,-0.43643
caiso_lmp,caiso_lmp,2026-04-19T05:40:00-00:00,2026-04-19T05:35:00-00:00,MCL,TH_NP15_GEN-APND,-0.41672
caiso_lmp,caiso_lmp,2026-04-19T05:45:00-00:00,2026-04-19T05:40:00-00:00,MCL,TH_NP15_GEN-APND,-0.419
caiso_lmp,caiso_lmp,2026-04-19T05:50:00-00:00,2026-04-19T05:45:00-00:00,MCL,TH_NP15_GEN-APND,-0.49479
caiso_lmp,caiso_lmp,2026-04-19T05:55:00-00:00,2026-04-19T05:50:00-00:00,MCL,TH_NP15_GEN-APND,-0.4856
caiso_lmp,caiso_lmp,2026-04-19T06:00:00-00:00,2026-04-19T05:55:00-00:00,MCL,TH_NP15_GEN-APND,-0.48212
caiso_lmp,caiso_lmp,2026-04-19T06:05:00-00:00,2026-04-19T06:00:00-00:00,MCL,TH_NP15_GEN-APND,-0.50456
caiso_lmp,caiso_lmp,2026-04-19T06:10:00-00:00,2026-04-19T06:05:00-00:00,MCL,TH_NP15_GEN-APND,-0.49954
caiso_lmp,caiso_lmp,2026-04-19T06:15:00-00:00,2026-04-19T06:10:00-00:00,MCL,TH_NP15_GEN-APND,-0.49954
caiso_lmp,caiso_lmp,2026-04-19T06:20:00-00:00,2026-04-19T06:15:00-00:00,MCL,TH_NP15_GEN-APND,-0.51355
caiso_lmp,caiso_lmp,2026-04-19T06:25:00-00:00,2026-04-19T06:20:00-00:00,MCL,TH_NP15_GEN-APND,-0.51598
caiso_lmp,caiso_lmp,2026-04-19T06:30:00-00:00,2026-04-19T06:25:00-00:00,MCL,TH_NP15_GEN-APND,-0.52061
caiso_lmp,caiso_lmp,2026-04-19T06:35:00-00:00,2026-04-19T06:30:00-00:00,MCL,TH_NP15_GEN-APND,-0.51341
caiso_lmp,caiso_lmp,2026-04-19T06:40:00-00:00,2026-04-19T06:35:00-00:00,MCL,TH_NP15_GEN-APND,-0.49596
caiso_lmp,caiso_lmp,2026-04-19T06:45:00-00:00,2026-04-19T06:40:00-00:00,MCL,TH_NP15_GEN-APND,-0.47888
caiso_lmp,caiso_lmp,2026-04-19T06:50:00-00:00,2026-04-19T06:45:00-00:00,MCL,TH_NP15_GEN-APND,-0.49321
caiso_lmp,caiso_lmp,2026-04-19T06:55:00-00:00,2026-04-19T06:50:00-00:00,MCL,TH_NP15_GEN-APND,-0.4988
caiso_lmp,caiso_lmp,2026-04-19T07:00:00-00:00,2026-04-19T06:55:00-00:00,MCL,TH_NP15_GEN-APND,-0.50772
caiso_lmp,caiso_lmp,2026-04-19T01:30:00-00:00,2026-04-19T01:25:00-00:00,LMP,TH_NP15_GEN-APND,35.77929
caiso_lmp,caiso_lmp,2026-04-19T01:35:00-00:00,2026-04-19T01:30:00-00:00,LMP,TH_NP15_GEN-APND,41.8849
caiso_lmp,caiso_lmp,2026-04-19T01:40:00-00:00,2026-04-19T01:35:00-00:00,LMP,TH_NP15_GEN-APND,45.2337
caiso_lmp,caiso_lmp,2026-04-19T01:45:00-00:00,2026-04-19T01:40:00-00:00,LMP,TH_NP15_GEN-APND,39.703
caiso_lmp,caiso_lmp,2026-04-19T01:50:00-00:00,2026-04-19T01:45:00-00:00,LMP,TH_NP15_GEN-APND,40.94247
caiso_lmp,caiso_lmp,2026-04-19T01:55:00-00:00,2026-04-19T01:50:00-00:00,LMP,TH_NP15_GEN-APND,41.86366
caiso_lmp,caiso_lmp,2026-04-19T02:00:00-00:00,2026-04-19T01:55:00-00:00,LMP,TH_NP15_GEN-APND,42.35866
caiso_lmp,caiso_lmp,2026-04-19T02:05:00-00:00,2026-04-19T02:00:00-00:00,LMP,TH_NP15_GEN-APND,33.85457
caiso_lmp,caiso_lmp,2026-04-19T02:10:00-00:00,2026-04-19T02:05:00-00:00,LMP,TH_NP15_GEN-APND,33.27115
caiso_lmp,caiso_lmp,2026-04-19T02:15:00-00:00,2026-04-19T02:10:00-00:00,LMP,TH_NP15_GEN-APND,33.27056
caiso_lmp,caiso_lmp,2026-04-19T02:20:00-00:00,2026-04-19T02:15:00-00:00,LMP,TH_NP15_GEN-APND,35.17669
caiso_lmp,caiso_lmp,2026-04-19T02:25:00-00:00,2026-04-19T02:20:00-00:00,LMP,TH_NP15_GEN-APND,36.0363
caiso_lmp,caiso_lmp,2026-04-19T02:30:00-00:00,2026-04-19T02:25:00-00:00,LMP,TH_NP15_GEN-APND,35.59668
caiso_lmp,caiso_lmp,2026-04-19T02:35:00-00:00,2026-04-19T02:30:00-00:00,LMP,TH_NP15_GEN-APND,34.51026
caiso_lmp,caiso_lmp,2026-04-19T02:40:00-00:00,2026-04-19T02:35:00-00:00,LMP,TH_NP15_GEN-APND,33.44141
caiso_lmp,caiso_lmp,2026-04-19T02:45:00-00:00,2026-04-19T02:40:00-00:00,LMP,TH_NP15_GEN-APND,33.43894
caiso_lmp,caiso_lmp,2026-04-19T02:50:00-00:00,2026-04-19T02:45:00-00:00,LMP,TH_NP15_GEN-APND,33.85024
caiso_lmp,caiso_lmp,2026-04-19T02:55:00-00:00,2026-04-19T02:50:00-00:00,LMP,TH_NP15_GEN-APND,34.0857
caiso_lmp,caiso_lmp,2026-04-19T03:00:00-00:00,2026-04-19T02:55:00-00:00,LMP,TH_NP15_GEN-APND,34.38632
caiso_lmp,caiso_lmp,2026-04-19T03:05:00-00:00,2026-04-19T03:00:00-00:00,LMP,TH_NP15_GEN-APND,35.407
caiso_lmp,caiso_lmp,2026-04-19T03:10:00-00:00,2026-04-19T03:05:00-00:00,LMP,TH_NP15_GEN-APND,35.38797
caiso_lmp,caiso_lmp,2026-04-19T03:15:00-00:00,2026-04-19T03:10:00-00:00,LMP,TH_NP15_GEN-APND,34.88574
caiso_lmp,caiso_lmp,2026-04-19T03:20:00-00:00,2026-04-19T03:15:00-00:00,LMP,TH_NP15_GEN-APND,33.74899
caiso_lmp,caiso_lmp,2026-04-19T03:25:00-00:00,2026-04-19T03:20:00-00:00,LMP,TH_NP15_GEN-APND,33.75725
caiso_lmp,caiso_lmp,2026-04-19T03:30:00-00:00,2026-04-19T03:25:00-00:00,LMP,TH_NP15_GEN-APND,33.63263
caiso_lmp,caiso_lmp,2026-04-19T03:35:00-00:00,2026-04-19T03:30:00-00:00,LMP,TH_NP15_GEN-APND,33.27378
caiso_lmp,caiso_lmp,2026-04-19T03:40:00-00:00,2026-04-19T03:35:00-00:00,LMP,TH_NP15_GEN-APND,32.76398
caiso_lmp,caiso_lmp,2026-04-19T03:45:00-00:00,2026-04-19T03:40:00-00:00,LMP,TH_NP15_GEN-APND,32.843
caiso_lmp,caiso_lmp,2026-04-19T03:50:00-00:00,2026-04-19T03:45:00-00:00,LMP,TH_NP15_GEN-APND,31.82531
caiso_lmp,caiso_lmp,2026-04-19T03:55:00-00:00,2026-04-19T03:50:00-00:00,LMP,TH_NP15_GEN-APND,31.85528
caiso_lmp,caiso_lmp,2026-04-19T04:00:00-00:00,2026-04-19T03:55:00-00:00,LMP,TH_NP15_GEN-APND,31.58935
caiso_lmp,caiso_lmp,2026-04-19T04:05:00-00:00,2026-04-19T04:00:00-00:00,LMP,TH_NP15_GEN-APND,32.20126
caiso_lmp,caiso_lmp,2026-04-19T04:10:00-00:00,2026-04-19T04:05:00-00:00,LMP,TH_NP15_GEN-APND,31.735
caiso_lmp,caiso_lmp,2026-04-19T04:15:00-00:00,2026-04-19T04:10:00-00:00,LMP,TH_NP15_GEN-APND,30.39563
caiso_lmp,caiso_lmp,2026-04-19T04:20:00-00:00,2026-04-19T04:15:00-00:00,LMP,TH_NP15_GEN-APND,29.7957
caiso_lmp,caiso_lmp,2026-04-19T04:25:00-00:00,2026-04-19T04:20:00-00:00,LMP,TH_NP15_GEN-APND,30.35093
caiso_lmp,caiso_lmp,2026-04-19T04:30:00-00:00,2026-04-19T04:25:00-00:00,LMP,TH_NP15_GEN-APND,30.35263
caiso_lmp,caiso_lmp,2026-04-19T04:35:00-00:00,2026-04-19T04:30:00-00:00,LMP,TH_NP15_GEN-APND,30.61831
caiso_lmp,caiso_lmp,2026-04-19T04:40:00-00:00,2026-04-19T04:35:00-00:00,LMP,TH_NP15_GEN-APND,31.3457
caiso_lmp,caiso_lmp,2026-04-19T04:45:00-00:00,2026-04-19T04:40:00-00:00,LMP,TH_NP15_GEN-APND,31.81998
caiso_lmp,caiso_lmp,2026-04-19T04:50:00-00:00,2026-04-19T04:45:00-00:00,LMP,TH_NP15_GEN-APND,31.81817
caiso_lmp,caiso_lmp,2026-04-19T04:55:00-00:00,2026-04-19T04:50:00-00:00,LMP,TH_NP15_GEN-APND,31.41015
caiso_lmp,caiso_lmp,2026-04-19T05:00:00-00:00,2026-04-19T04:55:00-00:00,LMP,TH_NP15_GEN-APND,31.79041
caiso_lmp,caiso_lmp,2026-04-19T05:05:00-00:00,2026-04-19T05:00:00-00:00,LMP,TH_NP15_GEN-APND,32.50469
caiso_lmp,caiso_lmp,2026-04-19T05:10:00-00:00,2026-04-19T05:05:00-00:00,LMP,TH_NP15_GEN-APND,32.11988
caiso_lmp,caiso_lmp,2026-04-19T05:15:00-00:00,2026-04-19T05:10:00-00:00,LMP,TH_NP15_GEN-APND,32.20938
caiso_lmp,caiso_lmp,2026-04-19T05:20:00-00:00,2026-04-19T05:15:00-00:00,LMP,TH_NP15_GEN-APND,32.3835
caiso_lmp,caiso_lmp,2026-04-19T05:25:00-00:00,2026-04-19T05:20:00-00:00,LMP,TH_NP15_GEN-APND,33.35961
caiso_lmp,caiso_lmp,2026-04-19T05:30:00-00:00,2026-04-19T05:25:00-00:00,LMP,TH_NP15_GEN-APND,33.41102
caiso_lmp,caiso_lmp,2026-04-19T05:35:00-00:00,2026-04-19T05:30:00-00:00,LMP,TH_NP15_GEN-APND,33.50965
caiso_lmp,caiso_lmp,2026-04-19T05:40:00-00:00,2026-04-19T05:35:00-00:00,LMP,TH_NP15_GEN-APND,33.86609
caiso_lmp,caiso_lmp,2026-04-19T05:45:00-00:00,2026-04-19T05:40:00-00:00,LMP,TH_NP15_GEN-APND,34.43899
caiso_lmp,caiso_lmp,2026-04-19T05:50:00-00:00,2026-04-19T05:45:00-00:00,LMP,TH_NP15_GEN-APND,34.3679
caiso_lmp,caiso_lmp,2026-04-19T05:55:00-00:00,2026-04-19T05:50:00-00:00,LMP,TH_NP15_GEN-APND,33.52325
caiso_lmp,caiso_lmp,2026-04-19T06:00:00-00:00,2026-04-19T05:55:00-00:00,LMP,TH_NP15_GEN-APND,33.27928
caiso_lmp,caiso_lmp,2026-04-19T06:05:00-00:00,2026-04-19T06:00:00-00:00,LMP,TH_NP15_GEN-APND,34.15169
caiso_lmp,caiso_lmp,2026-04-19T06:10:00-00:00,2026-04-19T06:05:00-00:00,LMP,TH_NP15_GEN-APND,33.58885
caiso_lmp,caiso_lmp,2026-04-19T06:15:00-00:00,2026-04-19T06:10:00-00:00,LMP,TH_NP15_GEN-APND,33.58885
caiso_lmp,caiso_lmp,2026-04-19T06:20:00-00:00,2026-04-19T06:15:00-00:00,LMP,TH_NP15_GEN-APND,33.791
caiso_lmp,caiso_lmp,2026-04-19T06:25:00-00:00,2026-04-19T06:20:00-00:00,LMP,TH_NP15_GEN-APND,34.46789
caiso_lmp,caiso_lmp,2026-04-19T06:30:00-00:00,2026-04-19T06:25:00-00:00,LMP,TH_NP15_GEN-APND,34.82675
caiso_lmp,caiso_lmp,2026-04-19T06:35:00-00:00,2026-04-19T06:30:00-00:00,LMP,TH_NP15_GEN-APND,34.50153
caiso_lmp,caiso_lmp,2026-04-19T06:40:00-00:00,2026-04-19T06:35:00-00:00,LMP,TH_NP15_GEN-APND,33.47735
caiso_lmp,caiso_lmp,2026-04-19T06:45:00-00:00,2026-04-19T06:40:00-00:00,LMP,TH_NP15_GEN-APND,33.00141
caiso_lmp,caiso_lmp,2026-04-19T06:50:00-00:00,2026-04-19T06:45:00-00:00,LMP,TH_NP15_GEN-APND,32.73669
caiso_lmp,caiso_lmp,2026-04-19T06:55:00-00:00,2026-04-19T06:50:00-00:00,LMP,TH_NP15_GEN-APND,32.67781
caiso_lmp,caiso_lmp,2026-04-19T07:00:00-00:00,2026-04-19T06:55:00-00:00,LMP,TH_NP15_GEN-APND,33.28866
caiso_lmp,caiso_lmp,2026-04-19T07:05:00-00:00,2026-04-19T07:00:00-00:00,MCC,TH_NP15_GEN-APND,20.47593
caiso_lmp,caiso_lmp,2026-04-19T07:10:00-00:00,2026-04-19T07:05:00-00:00,MCC,TH_NP15_GEN-APND,18.94577
caiso_lmp,caiso_lmp,2026-04-19T07:15:00-00:00,2026-04-19T07:10:00-00:00,MCC,TH_NP15_GEN-APND,19.43575
caiso_lmp,caiso_lmp,2026-04-19T07:20:00-00:00,2026-04-19T07:15:00-00:00,MCC,TH_NP15_GEN-APND,24.75543
caiso_lmp,caiso_lmp,2026-04-19T07:25:00-00:00,2026-04-19T07:20:00-00:00,MCC,TH_NP15_GEN-APND,31.93653
caiso_lmp,caiso_lmp,2026-04-19T07:05:00-00:00,2026-04-19T07:00:00-00:00,MCE,TH_NP15_GEN-APND,20.40465
caiso_lmp,caiso_lmp,2026-04-19T07:10:00-00:00,2026-04-19T07:05:00-00:00,MCE,TH_NP15_GEN-APND,18.78311
caiso_lmp,caiso_lmp,2026-04-19T07:15:00-00:00,2026-04-19T07:10:00-00:00,MCE,TH_NP15_GEN-APND,18.40536
caiso_lmp,caiso_lmp,2026-04-19T07:20:00-00:00,2026-04-19T07:15:00-00:00,MCE,TH_NP15_GEN-APND,20.95497
caiso_lmp,caiso_lmp,2026-04-19T07:25:00-00:00,2026-04-19T07:20:00-00:00,MCE,TH_NP15_GEN-APND,16.72227
caiso_lmp,caiso_lmp,2026-04-19T07:05:00-00:00,2026-04-19T07:00:00-00:00,MCL,TH_NP15_GEN-APND,-0.54276
caiso_lmp,caiso_lmp,2026-04-19T07:10:00-00:00,2026-04-19T07:05:00-00:00,MCL,TH_NP15_GEN-APND,-0.49963
caiso_lmp,caiso_lmp,2026-04-19T07:15:00-00:00,2026-04-19T07:10:00-00:00,MCL,TH_NP15_GEN-APND,-0.48958
caiso_lmp,caiso_lmp,2026-04-19T07:20:00-00:00,2026-04-19T07:15:00-00:00,MCL,TH_NP15_GEN-APND,-0.54483
caiso_lmp,caiso_lmp,2026-04-19T07:25:00-00:00,2026-04-19T07:20:00-00:00,MCL,TH_NP15_GEN-APND,-0.43478
caiso_lmp,caiso_lmp,2026-04-19T07:05:00-00:00,2026-04-19T07:00:00-00:00,LMP,TH_NP15_GEN-APND,40.33782
caiso_lmp,caiso_lmp,2026-04-19T07:10:00-00:00,2026-04-19T07:05:00-00:00,LMP,TH_NP15_GEN-APND,37.22925
caiso_lmp,caiso_lmp,2026-04-19T07:15:00-00:00,2026-04-19T07:10:00-00:00,LMP,TH_NP15_GEN-APND,37.35152
caiso_lmp,caiso_lmp,2026-04-19T07:20:00-00:00,2026-04-19T07:15:00-00:00,LMP,TH_NP15_GEN-APND,45.16558
caiso_lmp,caiso_lmp,2026-04-19T07:25:00-00:00,2026-04-19T07:20:00-00:00,LMP,TH_NP15_GEN-APND,48.22402
